EntryNumber,SequenceNumber,InUse,ParentEntryNumber,ParentSequenceNumber,ParentPath,FileName,Extension,FileSize,ReferenceCount,ReparseTarget,IsDirectory,HasAds,IsAds,SI<FN,uSecZeros,Copied,SiFlags,NameType,Created0x10,Created0x30,LastModified0x10,LastModified0x30,LastRecordChange0x10,LastRecordChange0x30,LastAccess0x10,LastAccess0x30,UpdateSequenceNumber,LogfileSequenceNumber,SecurityId,ObjectIdFileDroid,LoggedUtilStream,ZoneIdContents,SourceFile
0,1,True,5,5,.,$MFT,,262144,1,,False,False,False,False,False,False,Hidden|System,DosWindows,2026-02-20 19:01:44.5574395,,2026-02-20 19:01:44.5574395,,2026-02-20 19:01:44.5574395,,2026-02-20 19:01:44.5574395,,0,33575573,256,,,,D:\$MFT
1,1,True,5,5,.,$MFTMirr,,4096,1,,False,False,False,False,False,False,Hidden|System,DosWindows,2026-02-20 19:01:44.5574395,,2026-02-20 19:01:44.5574395,,2026-02-20 19:01:44.5574395,,2026-02-20 19:01:44.5574395,,0,33575643,256,,,,D:\$MFT
2,2,True,5,5,.,$LogFile,,67108864,1,,False,False,False,False,False,False,Hidden|System,DosWindows,2026-02-20 19:01:44.5574395,,2026-02-20 19:01:44.5574395,,2026-02-20 19:01:44.5574395,,2026-02-20 19:01:44.5574395,,0,33575713,256,,,,D:\$MFT
3,3,True,5,5,.,$Volume,,0,1,,False,False,False,False,False,False,Hidden|System,DosWindows,2026-02-20 19:01:44.5574395,,2026-02-20 19:01:44.5574395,,2026-02-20 19:01:44.5574395,,2026-02-20 19:01:44.5574395,,0,67131912,257,b58a2b62-193f-44e8-bd34-a1cfa3451898,,,D:\$MFT
4,4,True,5,5,.,$AttrDef,,2560,1,,False,False,False,False,False,False,Hidden|System,DosWindows,2026-02-20 19:01:44.5574395,,2026-02-20 19:01:44.5574395,,2026-02-20 19:01:44.5574395,,2026-02-20 19:01:44.5574395,,0,33575853,256,,,,D:\$MFT
5,5,True,5,5,.,.,,0,1,,True,False,False,False,False,False,Hidden|System,DosWindows,2026-02-20 19:01:44.5574395,,2026-04-10 12:21:17.7621273,2026-02-20 19:01:44.5574395,2026-04-10 12:21:17.7621273,2026-02-20 19:01:44.5574395,2026-04-13 12:28:24.3899158,2026-02-20 19:01:44.5574395,0,687900481,0,d1a9f3bb-1651-11f1-a5af-e86f3838a0ef,$TXF_DATA,,D:\$MFT
6,6,True,5,5,.,$Bitmap,,15261536,1,,False,False,False,False,False,False,Hidden|System,DosWindows,2026-02-20 19:01:44.5574395,,2026-02-20 19:01:44.5574395,,2026-02-20 19:01:44.5574395,,2026-02-20 19:01:44.5574395,,0,33575783,256,,,,D:\$MFT
7,7,True,5,5,.,$Boot,,8192,1,,False,False,False,False,False,False,Hidden|System,DosWindows,2026-02-20 19:01:44.5574395,,2026-02-20 19:01:44.5574395,,2026-02-20 19:01:44.5574395,,2026-02-20 19:01:44.5574395,,0,0,0,,,,D:\$MFT
8,8,True,5,5,.,$BadClus,,0,1,,False,True,False,False,False,False,Hidden|System,DosWindows,2026-02-20 19:01:44.5574395,,2026-02-20 19:01:44.5574395,,2026-02-20 19:01:44.5574395,,2026-02-20 19:01:44.5574395,,0,33575923,256,,,,D:\$MFT
8,8,True,5,5,.,$BadClus:$Bad,,500090007552,1,,False,False,True,False,False,False,Hidden|System,DosWindows,2026-02-20 19:01:44.5574395,,2026-02-20 19:01:44.5574395,,2026-02-20 19:01:44.5574395,,2026-02-20 19:01:44.5574395,,0,33575923,256,,,,D:\$MFT
9,9,True,5,5,.,$Secure,,266692,1,,False,True,False,False,False,False,Hidden|System|IsIndexView,DosWindows,2026-02-20 19:01:44.5574395,,2026-02-20 19:01:44.5574395,,2026-02-20 19:01:44.5574395,,2026-02-20 19:01:44.5574395,,0,662566879,257,,,,D:\$MFT
9,9,True,5,5,.,$Secure:$SDS,,266692,1,,False,False,True,False,False,False,Hidden|System|IsIndexView,DosWindows,2026-02-20 19:01:44.5574395,,2026-02-20 19:01:44.5574395,,2026-02-20 19:01:44.5574395,,2026-02-20 19:01:44.5574395,,0,662566879,257,,,,D:\$MFT
10,10,True,5,5,.,$UpCase,,131072,1,,False,True,False,False,False,False,Hidden|System,DosWindows,2026-02-20 19:01:44.5574395,,2026-02-20 19:01:44.5574395,,2026-02-20 19:01:44.5574395,,2026-02-20 19:01:44.5574395,,0,33576331,256,,,,D:\$MFT
10,10,True,5,5,.,$UpCase:$Info,,32,1,,False,False,True,False,False,False,Hidden|System,DosWindows,2026-02-20 19:01:44.5574395,,2026-02-20 19:01:44.5574395,,2026-02-20 19:01:44.5574395,,2026-02-20 19:01:44.5574395,,0,33576331,256,,,,D:\$MFT
11,11,True,5,5,.,$Extend,,0,1,,True,False,False,False,False,False,Hidden|System,DosWindows,2026-02-20 19:01:44.5574395,,2026-02-20 19:01:44.5574395,,2026-02-20 19:01:44.5574395,,2026-02-20 19:01:44.5574395,,0,656779850,257,,,,D:\$MFT
24,1,True,11,11,.\$Extend,$Quota,,0,1,,False,False,False,False,False,False,Hidden|System|IsIndexView,Posix,2026-02-20 19:01:46.0889719,,2026-02-20 19:01:46.0889719,,2026-02-20 19:01:46.0889719,,2026-02-20 19:01:46.0889719,,0,33576348,257,,,,D:\$MFT
25,1,True,11,11,.\$Extend,$ObjId,,0,1,,False,False,False,False,False,False,Hidden|System|IsIndexView,Posix,2026-02-20 19:01:46.0889719,,2026-02-20 19:01:46.0889719,,2026-02-20 19:01:46.0889719,,2026-02-25 11:47:16.7610953,2026-02-20 19:01:46.0889719,0,503399782,257,,,,D:\$MFT
26,1,True,11,11,.\$Extend,$Reparse,,0,1,,False,False,False,False,False,False,Hidden|System|IsIndexView,Posix,2026-02-20 19:01:46.0889719,,2026-02-20 19:01:46.0889719,,2026-02-20 19:01:46.0889719,,2026-04-10 12:02:41.1311220,2026-02-20 19:01:46.0889719,0,687883647,257,,,,D:\$MFT
27,1,True,11,11,.\$Extend,$RmMetadata,,0,1,,True,False,False,False,False,False,Hidden|System,Posix,2026-02-20 19:01:46.0889719,,2026-02-20 19:01:46.0889719,,2026-02-20 19:01:46.0889719,,2026-02-20 19:01:46.0889719,,0,33577078,258,,,,D:\$MFT
28,1,True,27,1,.\$Extend\$RmMetadata,$Repair,,0,1,,False,True,False,False,False,False,Hidden|System,Posix,2026-02-20 19:01:46.0889719,,2026-02-20 19:01:46.0889719,,2026-02-20 19:01:46.0889719,,2026-02-20 19:01:46.0889719,,0,33576399,257,,,,D:\$MFT
28,1,True,27,1,.\$Extend\$RmMetadata,$Repair:$Config,,8,1,,False,False,True,False,False,False,Hidden|System,Posix,2026-02-20 19:01:46.0889719,,2026-02-20 19:01:46.0889719,,2026-02-20 19:01:46.0889719,,2026-02-20 19:01:46.0889719,,0,33576399,257,,,,D:\$MFT
28,1,True,27,1,.\$Extend\$RmMetadata,$Repair:$Corrupt,,4608000,1,,False,False,True,False,False,False,Hidden|System,Posix,2026-02-20 19:01:46.0889719,,2026-02-20 19:01:46.0889719,,2026-02-20 19:01:46.0889719,,2026-02-20 19:01:46.0889719,,0,33576399,257,,,,D:\$MFT
28,1,True,27,1,.\$Extend\$RmMetadata,$Repair:$Verify,,2048000,1,,False,False,True,False,False,False,Hidden|System,Posix,2026-02-20 19:01:46.0889719,,2026-02-20 19:01:46.0889719,,2026-02-20 19:01:46.0889719,,2026-02-20 19:01:46.0889719,,0,33576399,257,,,,D:\$MFT
29,1,True,11,11,.\$Extend,$Deleted,,0,1,,True,False,False,False,False,False,Hidden|System,Posix,2026-02-20 19:01:46.0925343,,2026-02-20 19:01:46.0925343,,2026-02-20 19:01:46.0925343,,2026-04-10 12:02:41.1311220,2026-02-20 19:01:46.0925343,0,687883613,257,,,,D:\$MFT
30,1,True,27,1,.\$Extend\$RmMetadata,$TxfLog,,0,1,,True,False,False,False,False,False,Hidden|System,Posix,2026-02-20 19:01:46.1093774,,2026-02-20 19:01:46.4679319,2026-02-20 19:01:46.1093774,2026-02-20 19:01:46.4679319,2026-02-20 19:01:46.1093774,2026-02-20 19:01:46.4679319,2026-02-20 19:01:46.1093774,0,34812154,258,,,,D:\$MFT
31,1,True,27,1,.\$Extend\$RmMetadata,$Txf,,0,1,,True,False,False,False,False,False,-2147483642,Posix,2026-02-20 19:01:46.1093774,,2026-02-20 19:01:46.1093774,,2026-02-20 19:01:46.1093774,,2026-02-20 19:01:46.1093774,,0,33577295,258,,$TXF_DATA,,D:\$MFT
32,1,True,30,1,.\$Extend\$RmMetadata\$TxfLog,$Tops,,100,1,,False,True,False,False,False,False,Hidden|System,Posix,2026-02-20 19:01:46.1093774,,2026-02-20 19:01:46.1093774,,2026-02-20 19:01:46.1093774,,2026-02-20 19:01:46.1093774,,0,687883577,258,,,,D:\$MFT
32,1,True,30,1,.\$Extend\$RmMetadata\$TxfLog,$Tops:$T,,1048576,1,,False,False,True,False,False,False,Hidden|System,Posix,2026-02-20 19:01:46.1093774,,2026-02-20 19:01:46.1093774,,2026-02-20 19:01:46.1093774,,2026-02-20 19:01:46.1093774,,0,687883577,258,,,,D:\$MFT
33,1,True,30,1,.\$Extend\$RmMetadata\$TxfLog,$TxfLog.blf,.blf,65536,1,,False,False,False,False,False,False,Archive,Posix,2026-02-20 19:01:46.1222014,,2026-04-09 23:15:23.1299643,2026-02-20 19:01:46.1222014,2026-04-09 23:15:23.1299643,2026-02-20 19:01:46.1222014,2026-04-09 23:15:23.1299643,2026-02-20 19:01:46.1222014,39216,662591739,259,,,,D:\$MFT
34,1,True,30,1,.\$Extend\$RmMetadata\$TxfLog,$TxfLogContainer00000000000000000001,,10485760,1,,False,False,False,False,False,False,Archive,Posix,2026-02-20 19:01:46.1428649,,2026-04-09 23:15:23.1299643,2026-02-20 19:01:46.1428649,2026-04-09 23:15:23.1299643,2026-02-20 19:01:46.1428649,2026-04-09 23:15:23.1299643,2026-02-20 19:01:46.1428649,0,662591614,260,,,,D:\$MFT
35,1,True,30,1,.\$Extend\$RmMetadata\$TxfLog,$TxfLogContainer00000000000000000002,,10485760,1,,False,False,False,False,False,False,Archive,Posix,2026-02-20 19:01:46.4679319,,2026-02-20 19:01:46.6605280,2026-02-20 19:01:46.4679319,2026-02-20 19:01:46.6605280,2026-02-20 19:01:46.4679319,2026-02-20 19:01:46.6605280,2026-02-20 19:01:46.4679319,0,34815228,260,,,,D:\$MFT
36,1,True,5,5,.,System Volume Information,,0,1,,True,False,False,False,False,False,Hidden|System,Posix,2026-02-20 19:01:47.0777594,,2026-03-02 14:09:32.0350665,2026-02-20 19:01:47.0777594,2026-03-02 14:09:32.0350665,2026-02-20 19:01:47.0777594,2026-04-10 12:24:13.1616446,2026-02-20 19:01:47.0777594,0,687897490,261,,,,D:\$MFT
37,1,True,36,1,.\System Volume Information,FVE2.{e40ad34d-dae9-4bc7-95bd-b16218c10f72}.1,.1,65536,1,,False,False,False,False,False,False,Hidden|System|Archive,Posix,2026-02-20 19:01:47.0777594,,2026-04-10 12:02:41.1779850,2026-02-20 19:01:47.0777594,2026-04-10 12:02:41.1779850,2026-02-20 19:01:47.0777594,2026-04-10 12:02:41.1779850,2026-02-20 19:01:47.0777594,0,687884229,262,,,,D:\$MFT
38,1,True,36,1,.\System Volume Information,FVE2.{e40ad34d-dae9-4bc7-95bd-b16218c10f72}.2,.2,65536,1,,False,False,False,False,False,False,Hidden|System|Archive,Posix,2026-02-20 19:01:47.1178572,,2026-04-10 12:02:41.1779850,2026-02-20 19:01:47.1178572,2026-04-10 12:02:41.1779850,2026-02-20 19:01:47.1178572,2026-04-10 12:02:41.1779850,2026-02-20 19:01:47.1178572,0,687884311,262,,,,D:\$MFT
39,1,True,36,1,.\System Volume Information,FVE2.{e40ad34d-dae9-4bc7-95bd-b16218c10f72}.3,.3,65536,1,,False,False,False,False,False,False,Hidden|System|Archive,Posix,2026-02-20 19:01:47.1594327,,2026-04-10 12:02:41.1779850,2026-02-20 19:01:47.1594327,2026-04-10 12:02:41.1779850,2026-02-20 19:01:47.1594327,2026-04-10 12:02:41.1779850,2026-02-20 19:01:47.1594327,0,687884385,262,,,,D:\$MFT
40,1,True,36,1,.\System Volume Information,FVE2.{aff97bac-a69b-45da-aba1-2cfbce434750}.1,.1,512,1,,False,False,False,False,False,False,Hidden|System|Archive,Posix,2026-02-20 19:01:47.2125275,,2026-02-20 19:01:48.8791591,2026-02-20 19:01:47.2125275,2026-02-20 19:01:48.8791591,2026-02-20 19:01:47.2125275,2026-02-20 19:01:48.8791591,2026-02-20 19:01:47.2125275,0,33585861,262,,,,D:\$MFT
41,1,True,36,1,.\System Volume Information,FVE2.{aff97bac-a69b-45da-aba1-2cfbce434750}.2,.2,512,1,,False,False,False,False,False,False,Hidden|System|Archive,Posix,2026-02-20 19:01:47.2292990,,2026-02-20 19:01:48.9180436,2026-02-20 19:01:47.2292990,2026-02-20 19:01:48.9180436,2026-02-20 19:01:47.2292990,2026-02-20 19:01:48.9180436,2026-02-20 19:01:47.2292990,0,33586009,262,,,,D:\$MFT
42,1,True,36,1,.\System Volume Information,FVE2.{24e6f0ae-6a00-4f73-984b-75ce9942852d},.{24e6f0ae-6a00-4f73-984b-75ce9942852d},8192,1,,False,False,False,False,False,False,Hidden|System|Archive,Posix,2026-02-20 19:01:47.2309945,,2026-04-10 12:02:41.1779850,2026-02-20 19:01:47.2309945,2026-04-10 12:02:41.1779850,2026-02-20 19:01:47.2309945,2026-04-10 12:02:41.1779850,2026-02-20 19:01:47.2309945,0,687884155,262,,,,D:\$MFT
43,1,True,36,1,.\System Volume Information,FVE2.{da392a22-cae0-4f0f-9a30-b8830385d046},.{da392a22-cae0-4f0f-9a30-b8830385d046},65536,1,,False,False,False,False,False,False,Hidden|System|Archive,Posix,2026-02-20 19:01:47.2675123,,2026-04-10 12:02:41.1779850,2026-02-20 19:01:47.2675123,2026-04-10 12:02:41.1779850,2026-02-20 19:01:47.2675123,2026-04-10 12:02:41.1779850,2026-02-20 19:01:47.2675123,40960,687891569,262,,,,D:\$MFT
44,17,True,5,5,.,Downloads,,0,1,,True,False,False,False,False,False,None,Posix,2026-04-01 13:20:48.9366591,,2026-04-13 10:56:42.8980813,2026-04-01 13:20:48.9366591,2026-04-13 10:56:42.8980813,2026-04-01 13:20:48.9366591,2026-04-13 10:56:42.8980813,2026-04-01 13:20:48.9366591,0,687897524,273,eb505fbd-2d34-11f1-a5bb-e86f3838a0ef,,,D:\$MFT
45,3,True,48,3,.\ISO,Windows.iso,.iso,4893900800,1,,False,False,False,False,False,True,Archive,Posix,2026-04-01 13:22:09.7392167,,2026-04-01 13:17:45.0057310,,2026-04-01 13:31:18.2479386,2026-04-01 13:30:40.8761497,2026-04-02 12:43:42.3344135,2026-04-01 13:22:52.9401905,0,553835689,278,eb506124-2d34-11f1-a5bb-e86f3838a0ef,,,D:\$MFT
46,3,True,44,17,.\Downloads,VirtualBox-7.2.6a-172322-Win.exe,.exe,177448040,1,,False,False,False,False,False,False,Archive,Posix,2026-04-01 13:23:20.9108383,,2026-04-01 13:23:33.1011110,2026-04-01 13:23:32.0400807,2026-04-01 13:23:46.7860004,2026-04-01 13:23:32.0400807,2026-04-13 11:07:33.7882108,2026-04-01 13:23:32.0400807,0,687897428,278,,,,D:\$MFT
47,6,True,5,5,.,VirtualBox,,0,1,,True,False,False,False,False,False,None,Posix,2026-04-01 13:26:19.9512940,,2026-04-01 19:47:09.5634568,2026-04-01 13:26:19.9512940,2026-04-01 19:47:09.5634568,2026-04-01 13:26:19.9512940,2026-04-13 12:27:47.5849195,2026-04-01 13:26:19.9512940,0,687900509,273,eb5060d1-2d34-11f1-a5bb-e86f3838a0ef,,,D:\$MFT
48,3,True,5,5,.,ISO,,0,1,,True,False,False,False,False,False,None,Posix,2026-04-01 13:29:45.4444571,,2026-04-01 13:30:56.0791169,2026-04-01 13:29:45.4444571,2026-04-01 13:30:56.0791169,2026-04-01 13:29:45.4444571,2026-04-07 19:29:37.0610213,2026-04-01 13:29:45.4444571,0,622757896,273,eb5060ef-2d34-11f1-a5bb-e86f3838a0ef,,,D:\$MFT
49,3,True,5,5,.,ToolsForensic,,0,1,,True,False,False,False,False,False,None,Posix,2026-04-01 13:29:50.5396442,,2026-04-01 13:29:50.5396442,,2026-04-01 13:29:57.5328848,2026-04-01 13:29:50.5396442,2026-04-09 12:17:53.4575366,2026-04-01 13:29:50.5396442,0,662519368,273,eb5060f0-2d34-11f1-a5bb-e86f3838a0ef,,,D:\$MFT
50,4,True,47,6,.\VirtualBox,Windows,,0,1,,True,False,False,False,False,False,None,Posix,2026-04-01 13:32:26.1238417,,2026-04-09 12:38:04.1136495,2026-04-01 13:32:26.1238417,2026-04-09 12:38:04.1136495,2026-04-01 13:32:26.1238417,2026-04-13 12:27:47.5695758,2026-04-01 13:32:26.1238417,0,687900543,273,,,,D:\$MFT
51,3,True,50,4,.\VirtualBox\Windows,Windows.vdi,.vdi,12124684288,1,,False,False,False,False,False,False,Archive|NotContentIndexed,Posix,2026-04-01 13:33:48.9082573,,2026-04-01 15:49:42.1965214,2026-04-01 13:33:48.9082573,2026-04-01 15:49:42.1965214,2026-04-01 13:33:48.9082573,2026-04-09 12:38:03.7114091,2026-04-01 13:33:48.9082573,0,662591084,278,,,,D:\$MFT
52,5,True,50,4,.\VirtualBox\Windows,Logs,,0,1,,True,False,False,False,False,False,NotContentIndexed,Posix,2026-04-01 13:33:55.6025051,,2026-04-09 12:32:25.3508504,2026-04-01 13:33:55.6025051,2026-04-09 12:32:25.3508504,2026-04-01 13:33:55.6025051,2026-04-13 12:27:47.5666275,2026-04-01 13:33:55.6025051,0,687898503,273,,,,D:\$MFT
53,8,True,50,4,.\VirtualBox\Windows,Snapshots,,0,1,,True,False,False,False,False,False,NotContentIndexed,Posix,2026-04-01 15:49:42.0361817,,2026-04-07 18:18:44.7223611,2026-04-01 15:49:42.0361817,2026-04-07 18:18:44.7223611,2026-04-01 15:49:42.0361817,2026-04-13 12:27:47.5829108,2026-04-01 15:49:42.0361817,0,687898562,273,,,,D:\$MFT
54,36,True,52,5,.\VirtualBox\Windows\Logs,VBoxHardening.log,.log,528472,1,,False,False,False,False,False,False,Archive|NotContentIndexed,Posix,2026-04-09 12:32:14.3323879,,2026-04-09 12:38:06.3493417,2026-04-09 12:32:14.3323879,2026-04-09 12:38:06.3493417,2026-04-09 12:32:14.3323879,2026-04-09 12:38:06.3673423,2026-04-09 12:32:14.3323879,37592,662585451,282,,,,D:\$MFT
55,10,True,52,5,.\VirtualBox\Windows\Logs,VBox.log.3,.3,653324,1,,False,False,False,False,False,False,Archive|NotContentIndexed,Posix,2026-04-08 11:03:01.1490125,,2026-04-08 13:49:57.2337301,,2026-04-09 12:32:25.3493881,2026-04-09 12:17:25.4398616,2026-04-08 13:49:57.2337301,,34024,662570103,278,,,,D:\$MFT
56,8,True,52,5,.\VirtualBox\Windows\Logs,VBox.log.2,.2,336593,1,,False,False,False,False,False,False,Archive|NotContentIndexed,Posix,2026-04-08 19:09:09.4759177,,2026-04-09 12:17:08.8275634,,2026-04-09 12:32:25.3498422,2026-04-09 12:17:25.4398616,2026-04-09 12:17:08.8275634,,34264,662570534,278,,,,D:\$MFT
57,14,True,52,5,.\VirtualBox\Windows\Logs,VBox.log.1,.1,301657,1,,False,False,False,False,False,False,Archive|NotContentIndexed,Posix,2026-04-09 12:17:25.4408399,,2026-04-09 12:31:47.4704307,,2026-04-09 12:32:25.3498422,2026-04-09 12:31:47.4704307,2026-04-09 12:31:47.4704307,,34504,662570941,278,,,,D:\$MFT
58,1,True,36,1,.\System Volume Information,WPSettings.dat,.dat,12,1,,False,False,False,False,False,False,Archive,Posix,2026-02-20 19:22:42.1198351,,2026-02-20 19:22:42.1198351,,2026-02-20 19:22:42.1198351,,2026-04-10 12:03:32.1335023,2026-02-20 19:22:42.1198351,0,687886186,263,,,,D:\$MFT
59,2,True,36,1,.\System Volume Information,ClientRecoveryPasswordRotation,,0,1,,True,False,False,False,False,False,None,Posix,2026-02-25 11:47:10.9451424,,2026-02-25 11:47:10.9451424,,2026-02-25 11:47:10.9451424,,2026-04-10 12:03:04.3578864,2026-02-25 11:47:10.9451424,0,687885334,266,,,,D:\$MFT
60,1,True,36,1,.\System Volume Information,AadRecoveryPasswordDelete,,0,1,,True,False,False,False,False,False,None,Posix,2026-02-25 11:47:10.9764031,,2026-02-25 11:47:10.9764031,,2026-02-25 11:47:10.9764031,,2026-04-10 12:03:04.3578864,2026-02-25 11:47:10.9764031,0,687885393,265,,,,D:\$MFT
61,1,True,36,1,.\System Volume Information,IndexerVolumeGuid,,76,1,,False,False,False,False,False,False,Archive,Posix,2026-02-25 11:47:15.9663987,,2026-02-25 11:47:15.9663987,,2026-02-25 11:47:15.9663987,,2026-04-10 12:02:58.7903745,2026-02-25 11:47:15.9663987,0,687892125,263,,,,D:\$MFT
62,1,True,36,1,.\System Volume Information,tracking.log,.log,20480,1,,False,False,False,False,False,False,Hidden|System|Archive,Posix,2026-02-25 11:47:16.6002010,,2026-02-25 11:47:16.7610953,2026-02-25 11:47:16.6530027,2026-02-25 11:47:16.7610953,2026-02-25 11:47:16.6530027,2026-02-25 11:47:16.7610953,2026-02-25 11:47:16.6530027,0,67147108,267,,,,D:\$MFT
63,1,True,36,1,.\System Volume Information,EDP,,0,1,,True,False,False,False,False,False,None,Posix,2026-02-25 11:54:04.4467468,,2026-02-25 11:54:04.4473745,2026-02-25 11:54:04.4467468,2026-02-25 11:54:04.4473745,2026-02-25 11:54:04.4467468,2026-02-25 11:54:04.4473745,2026-02-25 11:54:04.4467468,0,67147283,268,,,,D:\$MFT
64,1,True,63,1,.\System Volume Information\EDP,Recovery,,0,1,,True,False,False,False,False,False,IsDirectory,Posix,2026-02-25 11:54:04.4473745,,2026-02-25 11:54:04.4473745,,2026-02-25 11:54:04.4473745,,2026-02-25 11:54:04.4473745,,0,67133662,268,,,,D:\$MFT
65,1,True,5,5,.,$RECYCLE.BIN,,0,1,,True,False,False,False,False,False,Hidden|System,Posix,2026-02-25 11:57:36.9510602,,2026-02-25 11:57:36.9520616,2026-02-25 11:57:36.9510602,2026-02-25 11:57:36.9520616,2026-02-25 11:57:36.9510602,2026-04-13 11:31:26.0244844,2026-02-25 11:57:36.9510602,0,687895179,269,,,,D:\$MFT
66,1,True,65,1,.\$RECYCLE.BIN,S-1-5-21-3413159508-1609183581-846010861-1001,,0,1,,True,False,False,False,False,False,Hidden|System,Posix,2026-02-25 11:57:36.9520616,,2026-04-08 14:38:09.1917229,2026-02-25 11:57:36.9520616,2026-04-08 14:38:09.1917229,2026-02-25 11:57:36.9520616,2026-04-13 11:31:26.4465815,2026-02-25 11:57:36.9520616,0,687897562,270,,,,D:\$MFT
67,1,True,66,1,.\$RECYCLE.BIN\S-1-5-21-3413159508-1609183581-846010861-1001,desktop.ini,.ini,129,1,,False,False,False,False,False,False,Hidden|System|Archive,Posix,2026-02-25 11:57:36.9520616,,2026-02-25 11:57:36.9722953,2026-02-25 11:57:36.9520616,2026-02-25 11:57:36.9722953,2026-02-25 11:57:36.9520616,2026-04-13 11:31:26.0167298,2026-02-25 11:57:36.9520616,0,687897608,271,,,,D:\$MFT
68,8,True,53,8,.\VirtualBox\Windows\Snapshots,{db450458-0380-402e-a899-c8c30a96c26a}.vdi,.vdi,10980687872,1,,False,False,False,False,False,False,Archive|NotContentIndexed,Posix,2026-04-01 15:49:42.1132537,,2026-04-01 17:40:14.5003466,2026-04-01 15:49:42.1132537,2026-04-01 17:40:14.5003466,2026-04-01 15:49:42.1132537,2026-04-09 12:38:03.7114091,2026-04-01 15:49:42.1132537,0,662591118,278,,,,D:\$MFT
69,2,True,53,8,.\VirtualBox\Windows\Snapshots,2026-04-01T15-49-42-035208600Z.sav,.sav,3831233574,1,,False,False,False,False,False,False,Archive|NotContentIndexed,Posix,2026-04-01 15:49:42.2880090,,2026-04-01 15:50:18.1797274,2026-04-01 15:49:42.2880090,2026-04-01 15:50:18.1797274,2026-04-01 15:49:42.2880090,2026-04-09 12:40:07.7818658,2026-04-01 15:49:42.2880090,0,662591428,278,,,,D:\$MFT
70,47,True,5,5,.,TestFiles,,0,1,,True,False,False,False,False,False,None,Posix,2026-04-10 12:21:13.1719476,,2026-04-10 12:21:13.1719476,,2026-04-10 12:21:17.9347744,2026-04-10 12:21:13.1719476,2026-04-10 12:21:13.1719476,,40832,687890539,273,2bac342c-34d5-11f1-a5c0-e86f3838a0ef,,,D:\$MFT
71,5,True,5,5,.,New folder,,0,1,,True,False,False,False,False,False,None,Posix,2026-04-01 17:21:37.1527235,,2026-04-01 17:21:51.8523694,2026-04-01 17:21:37.1527235,2026-04-01 17:21:51.8523694,2026-04-01 17:21:37.1527235,2026-04-08 13:48:04.6982045,2026-04-01 17:21:37.1527235,0,656781196,273,eb506efc-2d34-11f1-a5bb-e86f3838a0ef,,,D:\$MFT
72,18,True,52,5,.\VirtualBox\Windows\Logs,VBox.log,.log,264571,1,,False,False,False,False,False,False,Archive|NotContentIndexed,Posix,2026-04-09 12:32:25.3508504,,2026-04-09 12:38:05.5186087,2026-04-09 12:32:25.3508504,2026-04-09 12:38:05.5186087,2026-04-09 12:32:25.3508504,2026-04-09 12:38:05.5186087,2026-04-09 12:32:25.3508504,37512,662585053,282,,,,D:\$MFT
73,8,True,53,8,.\VirtualBox\Windows\Snapshots,{ad5e8c91-a0d7-4462-b909-bbbec4b713e4}.vdi,.vdi,1708130304,1,,False,False,False,False,False,False,Archive|NotContentIndexed,Posix,2026-04-02 12:42:29.8888420,,2026-04-02 12:55:50.9124324,2026-04-02 12:42:29.8888420,2026-04-02 12:55:50.9124324,2026-04-02 12:42:29.8888420,2026-04-09 12:35:11.8080279,2026-04-02 12:42:29.8888420,0,662591186,278,,,,D:\$MFT
74,3,True,53,8,.\VirtualBox\Windows\Snapshots,2026-04-01T17-40-14-433511900Z.sav,.sav,4410655082,1,,False,False,False,False,False,False,Archive|NotContentIndexed,Posix,2026-04-01 17:40:14.5543480,,2026-04-01 17:40:58.6010631,2026-04-01 17:40:14.5543480,2026-04-01 17:40:58.6010631,2026-04-01 17:40:14.5543480,2026-04-09 12:40:11.2919067,2026-04-01 17:40:14.5543480,0,662591462,278,,,,D:\$MFT
75,32,True,53,8,.\VirtualBox\Windows\Snapshots,{53bb35fa-cd07-48cf-87e4-ba825a0f4cef}.vdi,.vdi,3458203648,1,,False,False,False,False,False,False,Archive|NotContentIndexed,Posix,2026-04-02 12:55:50.7736384,,2026-04-07 18:18:44.5161387,2026-04-02 12:55:50.7736384,2026-04-07 18:18:44.5161387,2026-04-02 12:55:50.7736384,2026-04-09 12:35:11.9303888,2026-04-02 12:55:50.7736384,0,662591220,278,,,,D:\$MFT
76,4,True,44,17,.\Downloads,Oracle_VirtualBox_Extension_Pack-7.2.6.vbox-extpack,.vbox-extpack,20040709,1,,False,True,False,False,False,False,Archive,Posix,2026-04-01 18:01:44.8516682,,2026-04-01 18:01:48.9382088,2026-04-01 18:01:46.0565898,2026-04-01 18:01:48.9382088,2026-04-01 18:01:48.7792895,2026-04-01 18:01:48.9382088,2026-04-01 18:01:46.0565898,0,510771944,278,,,,D:\$MFT
76,4,True,44,17,.\Downloads,Oracle_VirtualBox_Extension_Pack-7.2.6.vbox-extpack:Zone.Identifier,.Identifier,177,1,,False,False,True,False,False,False,Archive,Posix,2026-04-01 18:01:44.8516682,,2026-04-01 18:01:48.9382088,2026-04-01 18:01:46.0565898,2026-04-01 18:01:48.9382088,2026-04-01 18:01:48.7792895,2026-04-01 18:01:48.9382088,2026-04-01 18:01:46.0565898,0,510771944,278,,,"[ZoneTransfer]
ZoneId=3
ReferrerUrl=https://www.virtualbox.org/
HostUrl=https://download.virtualbox.org/virtualbox/7.2.6/Oracle_VirtualBox_Extension_Pack-7.2.6.vbox-extpack
",D:\$MFT
77,13,True,53,8,.\VirtualBox\Windows\Snapshots,{527cc7f9-bb6b-4289-b3cd-713e550d566e}.vdi,.vdi,1506803712,1,,False,False,False,False,False,False,Archive|NotContentIndexed,Posix,2026-04-01 18:47:54.6264535,,2026-04-01 19:17:53.1899515,2026-04-01 18:47:54.6264535,2026-04-01 19:17:53.1899515,2026-04-01 18:47:54.6264535,2026-04-09 12:35:11.8626698,2026-04-01 18:47:54.6264535,0,662591152,278,,,,D:\$MFT
78,3,True,53,8,.\VirtualBox\Windows\Snapshots,2026-04-01T19-17-53-078120600Z.sav,.sav,1138453443,1,,False,False,False,False,False,False,Archive|NotContentIndexed,Posix,2026-04-01 19:17:53.2877452,,2026-04-01 19:18:04.2325918,2026-04-01 19:17:53.2877452,2026-04-01 19:18:04.2325918,2026-04-01 19:17:53.2877452,2026-04-02 12:42:57.8037073,2026-04-01 19:17:53.2877452,0,555002609,278,,,,D:\$MFT
79,6,True,47,6,.\VirtualBox,WindowsNew,,0,1,,True,False,False,False,False,False,None,Posix,2026-04-01 19:47:09.5634568,,2026-04-01 19:54:44.9167848,2026-04-01 19:47:09.5634568,2026-04-01 19:54:44.9167848,2026-04-01 19:47:09.5634568,2026-04-13 12:27:47.6030680,2026-04-01 19:47:09.5634568,0,687900577,273,,,,D:\$MFT
80,2,True,71,5,.\New folder,install.res.2052.dll,.dll,75792,1,,False,False,False,False,True,False,Archive,Posix,2007-11-07 13:03:18.0000000,,2007-11-07 13:03:18.0000000,,2026-04-01 17:21:51.7904724,2026-03-02 17:42:44.1430519,2026-03-02 17:42:44.1430519,,0,509798059,277,,,,D:\$MFT
81,1,True,71,5,.\New folder,install.res.1028.dll,.dll,76304,1,,False,False,False,False,True,False,Archive,Posix,2007-11-07 13:03:18.0000000,,2007-11-07 13:03:18.0000000,,2026-04-01 17:21:51.7684235,2026-03-02 17:42:44.1454685,2026-04-01 17:21:45.1618839,,0,509795911,277,,,,D:\$MFT
82,1,True,71,5,.\New folder,install.res.1031.dll,.dll,96272,1,,False,False,False,False,True,False,Archive,Posix,2007-11-07 13:03:18.0000000,,2007-11-07 13:03:18.0000000,,2026-04-01 17:21:51.7724348,2026-03-02 17:42:44.1470516,2026-04-01 13:24:48.7707934,,0,509796213,277,,,,D:\$MFT
83,1,True,71,5,.\New folder,install.res.1033.dll,.dll,91152,1,,False,False,False,False,True,False,Archive,Posix,2007-11-07 13:03:18.0000000,,2007-11-07 13:03:18.0000000,,2026-04-01 17:21:51.7758690,2026-03-02 17:42:44.1490635,2026-03-02 21:02:18.9415063,,0,509796523,277,,,,D:\$MFT
84,1,True,71,5,.\New folder,install.res.3082.dll,.dll,96272,1,,False,False,False,False,True,False,Archive,Posix,2007-11-07 13:03:18.0000000,,2007-11-07 13:03:18.0000000,,2026-04-01 17:21:51.7932511,2026-03-02 17:42:44.1754647,2026-03-02 17:42:44.1754647,,0,509798361,277,,,,D:\$MFT
85,1,True,71,5,.\New folder,install.res.1036.dll,.dll,97296,1,,False,False,False,False,True,False,Archive,Posix,2007-11-07 13:03:18.0000000,,2007-11-07 13:03:18.0000000,,2026-04-01 17:21:51.7788214,2026-03-02 17:42:44.1781354,2026-03-02 17:42:44.1781354,,0,509796825,277,,,,D:\$MFT
86,1,True,71,5,.\New folder,install.res.1040.dll,.dll,95248,1,,False,False,False,False,True,False,Archive,Posix,2007-11-07 13:03:18.0000000,,2007-11-07 13:03:18.0000000,,2026-04-01 17:21:51.7816162,2026-03-02 17:42:44.1801013,2026-04-01 17:21:45.1282772,2026-04-01 17:21:45.1272382,0,509797135,277,,,,D:\$MFT
87,1,True,71,5,.\New folder,install.res.1041.dll,.dll,81424,1,,False,False,False,False,True,False,Archive,Posix,2007-11-07 13:03:18.0000000,,2007-11-07 13:03:18.0000000,,2026-04-01 17:21:51.7844048,2026-03-02 17:42:44.1821030,2026-04-01 13:30:24.9440086,,0,509797447,277,,,,D:\$MFT
88,1,True,71,5,.\New folder,install.res.1042.dll,.dll,79888,1,,False,False,False,False,True,False,Archive,Posix,2007-11-07 13:03:18.0000000,,2007-11-07 13:03:18.0000000,,2026-04-01 17:21:51.7876944,2026-03-02 17:42:44.1856967,2026-03-02 17:42:44.1856967,,0,509797749,277,,,,D:\$MFT
89,1,True,71,5,.\New folder,eula.2052.txt,.txt,17734,1,,False,False,False,False,True,False,Archive,Posix,2007-11-07 13:00:40.0000000,,2007-11-07 13:00:40.0000000,,2026-04-01 17:21:51.7510896,2026-03-02 17:42:44.1886103,2026-03-02 17:45:17.3102387,2026-03-02 17:42:44.1886103,0,509794136,277,,,,D:\$MFT
90,1,True,71,5,.\New folder,eula.1028.txt,.txt,17734,1,,False,False,False,False,True,False,Archive,Posix,2007-11-07 13:00:40.0000000,,2007-11-07 13:00:40.0000000,,2026-04-01 17:21:51.8346769,2026-03-02 17:42:44.1913774,2026-03-02 17:45:17.3092401,2026-03-02 17:42:44.1913774,0,509799676,277,,,,D:\$MFT
91,1,True,71,5,.\New folder,eula.1031.txt,.txt,17734,1,,False,False,False,False,True,False,Archive,Posix,2007-11-07 13:00:40.0000000,,2007-11-07 13:00:40.0000000,,2026-04-01 17:21:51.8380644,2026-03-02 17:42:44.1931025,2026-03-02 17:45:17.3092401,2026-03-02 17:42:44.1931025,0,509799980,277,,,,D:\$MFT
92,1,True,71,5,.\New folder,eula.1033.txt,.txt,10134,1,,False,False,False,False,True,False,Archive,Posix,2007-11-07 13:00:40.0000000,,2007-11-07 13:00:40.0000000,,2026-04-01 17:21:51.8405598,2026-03-02 17:42:44.1971017,2026-03-02 17:45:17.3052392,2026-03-02 17:42:44.1971017,0,509800274,277,,,,D:\$MFT
93,1,True,71,5,.\New folder,eula.3082.txt,.txt,17734,1,,False,False,False,False,True,False,Archive,Posix,2007-11-07 13:00:40.0000000,,2007-11-07 13:00:40.0000000,,2026-04-01 17:21:51.7537345,2026-03-09 12:52:28.6199643,2026-03-09 12:52:29.0158101,,0,509794438,277,d6b97868-1bb3-11f1-a5b1-e86f3838a0ef,,,D:\$MFT
94,1,True,71,5,.\New folder,eula.1036.txt,.txt,17734,1,,False,False,False,False,True,False,Archive,Posix,2007-11-07 13:00:40.0000000,,2007-11-07 13:00:40.0000000,,2026-04-01 17:21:51.8432307,2026-03-02 20:31:47.0025981,2026-03-02 20:31:47.0995638,,0,509800581,277,d1a9f3b9-1651-11f1-a5af-e86f3838a0ef,,,D:\$MFT
95,1,True,71,5,.\New folder,eula.1040.txt,.txt,17734,1,,False,False,False,False,True,False,Archive,Posix,2007-11-07 13:00:40.0000000,,2007-11-07 13:00:40.0000000,,2026-04-01 17:21:51.8458876,2026-03-02 17:42:44.2052044,2026-03-02 17:45:17.3072431,2026-03-02 17:42:44.2052044,0,509800925,277,,,,D:\$MFT
96,1,True,71,5,.\New folder,eula.1041.txt,.txt,118,1,,False,False,False,False,True,False,Archive,Posix,2007-11-07 13:00:40.0000000,,2007-11-07 13:00:40.0000000,,2026-04-01 17:21:51.8498713,2026-03-02 17:42:44.2082296,2026-03-02 17:45:17.3062367,2026-03-02 17:42:44.2082296,0,509801227,277,,,,D:\$MFT
97,1,True,71,5,.\New folder,eula.1042.txt,.txt,17734,1,,False,False,False,False,True,False,Archive,Posix,2007-11-07 13:00:40.0000000,,2007-11-07 13:00:40.0000000,,2026-04-01 17:21:51.8523694,2026-03-02 20:32:13.9753112,2026-03-02 20:32:14.0628105,,0,509801529,277,d1a9f3e2-1651-11f1-a5af-e86f3838a0ef,,,D:\$MFT
98,1,True,71,5,.\New folder,globdata.ini,.ini,1110,1,,False,False,False,False,True,False,Archive,Posix,2007-11-07 13:00:40.0000000,,2007-11-07 13:00:40.0000000,,2026-04-01 17:21:51.7988090,2026-03-02 17:42:44.2131010,2026-04-01 17:21:51.8154962,2026-03-02 17:42:44.2131010,0,509799026,277,,,,D:\$MFT
99,1,True,71,5,.\New folder,install.exe,.exe,562688,1,,False,False,False,False,True,False,Archive,Posix,2007-11-07 13:03:18.0000000,,2007-11-07 13:03:18.0000000,,2026-04-01 17:21:51.7656477,2026-03-02 17:42:44.2151026,2026-04-01 17:21:51.6384618,2026-04-01 17:21:23.8883840,0,509795316,277,,,,D:\$MFT
100,1,True,71,5,.\New folder,install.ini,.ini,843,1,,False,False,False,False,True,False,Archive,Posix,2007-11-07 13:00:40.0000000,,2007-11-07 13:00:40.0000000,,2026-04-01 17:21:51.8230065,2026-03-02 17:42:44.2191527,2026-04-01 17:21:51.8255094,2026-03-02 17:42:44.2191527,0,509799375,277,,,,D:\$MFT
101,1,True,71,5,.\New folder,VC_RED.MSI,.MSI,232960,1,,False,False,False,False,True,False,Archive,Posix,2007-11-07 13:12:28.0000000,,2007-11-07 13:12:28.0000000,,2026-04-01 17:21:51.7589493,2026-03-02 17:42:44.2211025,2026-04-01 17:21:50.8553507,,0,509794728,277,,,,D:\$MFT
102,1,True,71,5,.\New folder,vcredist.bmp,.bmp,5686,1,,False,False,False,False,True,False,Archive,Posix,2007-11-07 13:00:40.0000000,,2007-11-07 13:00:40.0000000,,2026-04-01 17:21:51.7960128,2026-03-02 20:32:05.3640332,2026-04-01 13:30:43.9189900,2026-04-01 13:23:01.6812201,0,509798663,277,d1a9f3ce-1651-11f1-a5af-e86f3838a0ef,,,D:\$MFT
103,1,True,71,5,.\New folder,VC_RED.cab,.cab,1442522,1,,False,False,False,False,True,False,Archive,Posix,2007-11-07 13:09:22.0000000,,2007-11-07 13:09:22.0000000,,2026-04-01 17:21:51.7615993,2026-03-02 17:42:44.2261052,2026-03-02 17:45:17.3124514,2026-03-02 17:42:44.2261052,0,509795026,277,,,,D:\$MFT
104,2,True,79,6,.\VirtualBox\WindowsNew,WindowsNew.vdi,.vdi,1025507328,1,,False,False,False,False,False,False,Archive|NotContentIndexed,Posix,2026-04-01 19:47:09.5777737,,2026-04-01 19:54:41.8099596,2026-04-01 19:47:09.5777737,2026-04-01 19:54:41.8099596,2026-04-01 19:47:09.5777737,2026-04-02 12:03:45.1594779,2026-04-01 19:47:09.5777737,0,553682087,278,,,,D:\$MFT
105,3,True,79,6,.\VirtualBox\WindowsNew,Unattended-3a801269-7d1c-4c10-8d28-30f1876829ed-autounattend.xml,.xml,11007,1,,False,False,False,False,False,False,Archive,Posix,2026-04-01 19:47:10.1459012,,2026-04-01 19:47:10.1459012,,2026-04-01 19:47:10.1459012,,2026-04-01 19:48:16.9558523,2026-04-01 19:47:10.1459012,0,520821784,278,,,,D:\$MFT
106,4,True,79,6,.\VirtualBox\WindowsNew,WindowsNew.vbox,.vbox,3157,1,,False,False,False,False,False,False,Archive,Posix,2026-04-01 19:54:44.8672762,,2026-04-01 19:54:44.8672762,,2026-04-01 19:54:44.9167848,2026-04-01 19:54:44.8672762,2026-04-02 12:03:44.8310273,2026-04-01 19:54:44.8672762,0,553681885,278,,,,D:\$MFT
107,2,True,79,6,.\VirtualBox\WindowsNew,Logs,,0,1,,True,False,False,False,False,False,NotContentIndexed,Posix,2026-04-01 19:47:10.2385693,,2026-04-01 19:47:22.8151950,2026-04-01 19:47:10.2385693,2026-04-01 19:47:22.8151950,2026-04-01 19:47:10.2385693,2026-04-13 12:27:47.6039149,2026-04-01 19:47:10.2385693,0,687898691,273,,,,D:\$MFT
108,1,True,79,6,.\VirtualBox\WindowsNew,Unattended-3a801269-7d1c-4c10-8d28-30f1876829ed-VBOXPOST.CMD,.CMD,4264,1,,False,False,False,False,False,False,Archive,Posix,2026-04-01 19:47:10.1650244,,2026-04-01 19:47:10.1698307,2026-04-01 19:47:10.1650244,2026-04-01 19:47:10.1698307,2026-04-01 19:47:10.1650244,2026-04-01 19:47:10.1698307,2026-04-01 19:47:10.1650244,0,520550215,278,,,,D:\$MFT
109,1,True,79,6,.\VirtualBox\WindowsNew,Unattended-3a801269-7d1c-4c10-8d28-30f1876829ed-aux-iso.viso,.viso,1024,1,,False,False,False,False,False,False,Archive,Posix,2026-04-01 19:47:10.1698307,,2026-04-01 19:47:10.1708325,2026-04-01 19:47:10.1698307,2026-04-01 19:47:10.1708325,2026-04-01 19:47:10.1698307,2026-04-02 12:03:45.0500478,2026-04-01 19:47:10.1698307,0,553681969,278,,,,D:\$MFT
110,52,True,66,1,.\$RECYCLE.BIN\S-1-5-21-3413159508-1609183581-846010861-1001,$IKDI0OD.docx,.docx,134,1,,False,False,False,False,False,False,Archive,Posix,2026-04-08 13:56:50.7125585,,2026-04-08 13:56:50.7125585,,2026-04-08 13:56:50.7125585,,2026-04-13 11:31:26.4239005,2026-04-08 13:56:50.7125585,1752,687895777,271,,,,D:\$MFT
111,1,True,107,2,.\VirtualBox\WindowsNew\Logs,VBoxHardening.log,.log,494328,1,,False,False,False,False,False,False,Archive|NotContentIndexed,Posix,2026-04-01 19:47:10.2662906,,2026-04-01 19:54:47.0643651,2026-04-01 19:47:10.2662906,2026-04-01 19:54:47.0643651,2026-04-01 19:47:10.2662906,2026-04-01 19:54:47.0833652,2026-04-01 19:47:10.2662906,0,520792438,278,,,,D:\$MFT
112,1,True,107,2,.\VirtualBox\WindowsNew\Logs,VBox.log,.log,269218,1,,False,False,False,False,False,False,Archive|NotContentIndexed,Posix,2026-04-01 19:47:22.8151950,,2026-04-01 19:54:46.3986873,2026-04-01 19:47:22.8151950,2026-04-01 19:54:46.3986873,2026-04-01 19:47:22.8151950,2026-04-01 19:54:46.3986873,2026-04-01 19:47:22.8151950,0,520792410,278,,,,D:\$MFT
113,2,True,79,6,.\VirtualBox\WindowsNew,WindowsNew.vbox-prev,.vbox-prev,3712,1,,False,False,False,False,False,False,Archive,Posix,2026-04-01 19:54:44.5543173,,2026-04-01 19:54:44.5553280,,2026-04-01 19:54:44.9158539,2026-04-01 19:54:44.5936228,2026-04-01 19:54:44.5553280,,0,520791267,278,,,,D:\$MFT
114,5,True,53,8,.\VirtualBox\Windows\Snapshots,2026-04-02T12-55-50-496469000Z.sav,.sav,2330645472,1,,False,False,False,False,False,False,Archive|NotContentIndexed,Posix,2026-04-02 12:55:51.0150957,,2026-04-02 12:56:13.8271631,2026-04-02 12:55:51.0150957,2026-04-02 12:56:13.8271631,2026-04-02 12:55:51.0150957,2026-04-02 12:56:13.8271631,2026-04-02 12:55:51.0150957,0,554535879,278,,,,D:\$MFT
115,10,True,44,17,.\Downloads,ch10  part2 more on paging sp 2025.pptx,.pptx,2217348,1,,False,True,False,False,False,False,Archive,Posix,2026-04-02 17:00:29.7090419,,2026-04-02 17:00:33.3137419,2026-04-02 17:00:29.8226767,2026-04-02 17:00:44.4512689,2026-04-02 17:00:32.5645138,2026-04-02 17:00:45.5129620,2026-04-02 17:00:29.8226767,0,555002905,278,97aa61c9-2e80-11f1-a5bc-e86f3838a0ef,,,D:\$MFT
115,10,True,44,17,.\Downloads,ch10  part2 more on paging sp 2025.pptx:Zone.Identifier,.Identifier,97,1,,False,False,True,False,False,False,Archive,Posix,2026-04-02 17:00:29.7090419,,2026-04-02 17:00:33.3137419,2026-04-02 17:00:29.8226767,2026-04-02 17:00:44.4512689,2026-04-02 17:00:32.5645138,2026-04-02 17:00:45.5129620,2026-04-02 17:00:29.8226767,0,555002905,278,97aa61c9-2e80-11f1-a5bc-e86f3838a0ef,,"[ZoneTransfer]
ZoneId=3
ReferrerUrl=https://easternct.blackboard.com/
HostUrl=about:internet
",D:\$MFT
116,14,True,53,8,.\VirtualBox\Windows\Snapshots,{ccfaaea6-7306-4c6e-a3b2-bd4aff2a91dc}.vdi,.vdi,40240152576,1,,False,False,False,False,False,False,Archive|NotContentIndexed,Posix,2026-04-07 18:18:44.5082208,,2026-04-09 12:38:02.5451670,2026-04-07 18:18:44.5082208,2026-04-09 12:38:02.5451670,2026-04-07 18:18:44.5082208,2026-04-09 12:38:03.7114091,2026-04-07 18:18:44.5082208,36400,662591254,278,,,,D:\$MFT
117,14,True,53,8,.\VirtualBox\Windows\Snapshots,2026-04-07T18-18-44-266710500Z.sav,.sav,3054217709,1,,False,False,False,False,False,False,Archive|NotContentIndexed,Posix,2026-04-07 18:18:44.7223611,,2026-04-07 18:19:31.5542518,2026-04-07 18:18:44.7223611,2026-04-07 18:19:31.5542518,2026-04-07 18:18:44.7223611,2026-04-07 18:19:31.5542518,2026-04-07 18:18:44.7223611,0,621626290,278,,,,D:\$MFT
118,4,True,5,5,.,RandomFiles,,0,1,,True,False,False,False,False,False,NotContentIndexed,Posix,2026-04-07 19:25:25.5381164,,2026-04-07 19:27:53.7487939,2026-04-07 19:25:25.5381164,2026-04-07 19:27:53.7487939,2026-04-07 19:25:25.5381164,2026-04-08 12:19:46.9732675,2026-04-07 19:25:25.5381164,0,655472105,273,68e31935-326e-11f1-a5be-e86f3838a0ef,,,D:\$MFT
119,1,True,118,4,.\RandomFiles,adksetup.exe,.exe,2234632,1,,False,False,False,False,False,True,Archive|NotContentIndexed,Posix,2026-04-07 19:25:25.5517908,,2026-04-01 19:58:31.4487035,2026-04-07 19:25:25.5517908,2026-04-01 19:58:42.6112182,2026-04-07 19:25:25.5517908,2026-04-08 12:19:34.9046909,2026-04-07 19:25:25.5517908,0,655322406,279,,,,D:\$MFT
120,1,True,118,4,.\RandomFiles,Assignment3Sp26.docx,.docx,22226,1,,False,True,False,False,False,True,Archive|NotContentIndexed,Posix,2026-04-07 19:25:25.6039205,,2026-04-01 11:37:50.9703557,2026-04-07 19:25:25.6039205,2026-04-01 11:37:52.3707906,2026-04-07 19:25:25.6039205,2026-04-07 19:25:25.6068486,2026-04-07 19:25:25.6039205,0,622679653,279,,,,D:\$MFT
120,1,True,118,4,.\RandomFiles,Assignment3Sp26.docx:Zone.Identifier,.Identifier,97,1,,False,False,True,False,False,True,Archive|NotContentIndexed,Posix,2026-04-07 19:25:25.6039205,,2026-04-01 11:37:50.9703557,2026-04-07 19:25:25.6039205,2026-04-01 11:37:52.3707906,2026-04-07 19:25:25.6039205,2026-04-07 19:25:25.6068486,2026-04-07 19:25:25.6039205,0,622679653,279,,,"[ZoneTransfer]
ZoneId=3
ReferrerUrl=https://easternct.blackboard.com/
HostUrl=about:internet
",D:\$MFT
121,1,True,118,4,.\RandomFiles,"Brian Carrier - File System Forensic Analysis (2005, Addison-Wesley) - libgen.li.pdf",.pdf,3472814,1,,False,True,False,False,False,True,Archive|NotContentIndexed,Posix,2026-04-07 19:25:25.6215348,,2026-04-02 17:19:26.5254822,2026-04-07 19:25:25.6215348,2026-04-02 17:19:26.5254822,2026-04-07 19:25:25.6215348,2026-04-07 19:25:25.6321827,2026-04-07 19:25:25.6215348,0,622679877,279,,,,D:\$MFT
121,1,True,118,4,.\RandomFiles,"Brian Carrier - File System Forensic Analysis (2005, Addison-Wesley) - libgen.li.pdf:Zone.Identifier",.Identifier,243,1,,False,False,True,False,False,True,Archive|NotContentIndexed,Posix,2026-04-07 19:25:25.6215348,,2026-04-02 17:19:26.5254822,2026-04-07 19:25:25.6215348,2026-04-02 17:19:26.5254822,2026-04-07 19:25:25.6215348,2026-04-07 19:25:25.6321827,2026-04-07 19:25:25.6215348,0,622679877,279,,,"[ZoneTransfer]
ZoneId=3
HostUrl=https://drive.usercontent.google.com/download?id=16TEHiOKt3gCnAlfzsygXba7IbvIHJROe&export=download&authuser=0&confirm=t&uuid=afb59689-5e5f-48b7-bc31-1cc2011bae34&at=AGN2oQ1SsjzxpqNSiTFHeV_Fl-6U:1775150358611
",D:\$MFT
122,1,True,118,4,.\RandomFiles,COMPLETED Outline (1).docx,.docx,31709,1,,False,False,False,False,False,True,Archive|NotContentIndexed,Posix,2026-04-07 19:25:25.6474848,,2026-04-02 11:10:17.1128136,2026-04-07 19:25:25.6474848,2026-04-02 11:10:17.1570388,2026-04-07 19:25:25.6474848,2026-04-07 19:25:25.6504258,2026-04-07 19:25:25.6474848,0,622679681,279,,,,D:\$MFT
123,1,True,118,4,.\RandomFiles,COMPLETED Quiz 4 Cyber.pdf,.pdf,3185345,1,,False,True,False,False,False,True,Archive|NotContentIndexed,Posix,2026-04-07 19:25:25.6617185,,2026-03-30 14:55:45.0507707,2026-04-07 19:25:25.6617185,2026-03-30 14:56:12.7057654,2026-04-07 19:25:25.6617185,2026-04-07 19:25:25.6733144,2026-04-07 19:25:25.6617185,0,622680119,279,,,,D:\$MFT
123,1,True,118,4,.\RandomFiles,COMPLETED Quiz 4 Cyber.pdf:Zone.Identifier,.Identifier,1536,1,,False,False,True,False,False,True,Archive|NotContentIndexed,Posix,2026-04-07 19:25:25.6617185,,2026-03-30 14:55:45.0507707,2026-04-07 19:25:25.6617185,2026-03-30 14:56:12.7057654,2026-04-07 19:25:25.6617185,2026-04-07 19:25:25.6733144,2026-04-07 19:25:25.6617185,0,622680119,279,,,(Zone.Identifier data is non-resident),D:\$MFT
124,1,True,118,4,.\RandomFiles,DSCN0076.JPG,.JPG,0,1,,False,False,False,False,False,True,Archive|NotContentIndexed,Posix,2026-04-07 19:25:25.6894509,,2026-03-31 12:56:18.5305463,2026-04-07 19:25:25.6894509,2026-03-31 12:56:31.2484087,2026-04-07 19:25:25.6894509,2026-04-07 19:25:25.6894509,,0,622673215,279,,,,D:\$MFT
125,1,True,118,4,.\RandomFiles,DynamicProgrammingExample (1).docx,.docx,31013,1,,False,True,False,False,False,True,Archive|NotContentIndexed,Posix,2026-04-07 19:25:25.7010328,,2026-04-02 18:47:10.1664956,2026-04-07 19:25:25.7010328,2026-04-02 18:51:10.0255382,2026-04-07 19:25:25.7010328,2026-04-07 19:25:25.7053301,2026-04-07 19:25:25.7010328,0,622679765,279,,,,D:\$MFT
125,1,True,118,4,.\RandomFiles,DynamicProgrammingExample (1).docx:Zone.Identifier,.Identifier,165,1,,False,False,True,False,False,True,Archive|NotContentIndexed,Posix,2026-04-07 19:25:25.7010328,,2026-04-02 18:47:10.1664956,2026-04-07 19:25:25.7010328,2026-04-02 18:51:10.0255382,2026-04-07 19:25:25.7010328,2026-04-07 19:25:25.7053301,2026-04-07 19:25:25.7010328,0,622679765,279,,,"[ZoneTransfer]
ZoneId=3
ReferrerUrl=https://gdancik.github.io/CSC-314/notes/
HostUrl=https://gdancik.github.io/CSC-314/data/notes/DynamicProgrammingExample.docx
",D:\$MFT
126,1,True,118,4,.\RandomFiles,DynamicProgrammingExample.docx,.docx,51697,1,,False,True,False,False,False,True,Archive|NotContentIndexed,Posix,2026-04-07 19:25:25.7201379,,2026-03-31 18:53:57.1227144,2026-04-07 19:25:25.7201379,2026-03-31 18:53:57.1293799,2026-04-07 19:25:25.7201379,2026-04-08 12:19:36.7901846,2026-04-07 19:25:25.7201379,0,655472169,279,,,,D:\$MFT
126,1,True,118,4,.\RandomFiles,DynamicProgrammingExample.docx:Zone.Identifier,.Identifier,165,1,,False,False,True,False,False,True,Archive|NotContentIndexed,Posix,2026-04-07 19:25:25.7201379,,2026-03-31 18:53:57.1227144,2026-04-07 19:25:25.7201379,2026-03-31 18:53:57.1293799,2026-04-07 19:25:25.7201379,2026-04-08 12:19:36.7901846,2026-04-07 19:25:25.7201379,0,655472169,279,,,"[ZoneTransfer]
ZoneId=3
ReferrerUrl=https://gdancik.github.io/CSC-314/notes/
HostUrl=https://gdancik.github.io/CSC-314/data/notes/DynamicProgrammingExample.docx
",D:\$MFT
127,1,True,118,4,.\RandomFiles,Windows_ADK_10.1.26100.2454_Update_KB5079391,,0,1,,True,False,False,False,False,False,NotContentIndexed,Posix,2026-04-07 19:25:25.7384372,,2026-04-07 19:25:26.0837405,2026-04-07 19:25:25.7384372,2026-04-07 19:25:26.0837405,2026-04-07 19:25:25.7384372,2026-04-08 12:19:51.8387179,2026-04-07 19:25:25.7384372,0,655472203,273,,,,D:\$MFT
128,1,True,127,1,.\RandomFiles\Windows_ADK_10.1.26100.2454_Update_KB5079391,Appman Sequencer on amd64-x64_en-us.msp,.msp,91561984,1,,False,True,False,False,True,True,Archive|NotContentIndexed,Posix,2026-04-07 19:25:25.7489237,,2026-03-24 20:29:26.0000000,2026-04-07 19:25:25.7489237,2026-04-01 20:03:38.6857105,2026-04-07 19:25:25.7489237,2026-04-07 19:25:25.8921795,2026-04-07 19:25:25.7489237,0,622688119,279,,,,D:\$MFT
128,1,True,127,1,.\RandomFiles\Windows_ADK_10.1.26100.2454_Update_KB5079391,Appman Sequencer on amd64-x64_en-us.msp:Zone.Identifier,.Identifier,26,1,,False,False,True,False,True,True,Archive|NotContentIndexed,Posix,2026-04-07 19:25:25.7489237,,2026-03-24 20:29:26.0000000,2026-04-07 19:25:25.7489237,2026-04-01 20:03:38.6857105,2026-04-07 19:25:25.7489237,2026-04-07 19:25:25.8921795,2026-04-07 19:25:25.7489237,0,622688119,279,,,"[ZoneTransfer]
ZoneId=3
",D:\$MFT
129,1,True,127,1,.\RandomFiles\Windows_ADK_10.1.26100.2454_Update_KB5079391,Appman Sequencer on x86-x86_en-us.msp,.msp,84307968,1,,False,True,False,False,True,True,Archive|NotContentIndexed,Posix,2026-04-07 19:25:25.9040763,,2026-03-24 20:29:20.0000000,2026-04-07 19:25:25.9040763,2026-04-01 20:03:39.4868283,2026-04-07 19:25:25.9040763,2026-04-07 19:25:26.0143548,2026-04-07 19:25:25.9040763,0,622690685,279,,,,D:\$MFT
129,1,True,127,1,.\RandomFiles\Windows_ADK_10.1.26100.2454_Update_KB5079391,Appman Sequencer on x86-x86_en-us.msp:Zone.Identifier,.Identifier,26,1,,False,False,True,False,True,True,Archive|NotContentIndexed,Posix,2026-04-07 19:25:25.9040763,,2026-03-24 20:29:20.0000000,2026-04-07 19:25:25.9040763,2026-04-01 20:03:39.4868283,2026-04-07 19:25:25.9040763,2026-04-07 19:25:26.0143548,2026-04-07 19:25:25.9040763,0,622690685,279,,,"[ZoneTransfer]
ZoneId=3
",D:\$MFT
130,1,True,127,1,.\RandomFiles\Windows_ADK_10.1.26100.2454_Update_KB5079391,OA3Tool-x86_en-us.msp,.msp,1634304,1,,False,True,False,False,True,True,Archive|NotContentIndexed,Posix,2026-04-07 19:25:26.0212470,,2026-03-24 20:29:17.0000000,2026-04-07 19:25:26.0212470,2026-04-01 20:03:39.5025000,2026-04-07 19:25:26.0212470,2026-04-07 19:25:26.0261249,2026-04-07 19:25:26.0212470,0,622681504,279,,,,D:\$MFT
130,1,True,127,1,.\RandomFiles\Windows_ADK_10.1.26100.2454_Update_KB5079391,OA3Tool-x86_en-us.msp:Zone.Identifier,.Identifier,26,1,,False,False,True,False,True,True,Archive|NotContentIndexed,Posix,2026-04-07 19:25:26.0212470,,2026-03-24 20:29:17.0000000,2026-04-07 19:25:26.0212470,2026-04-01 20:03:39.5025000,2026-04-07 19:25:26.0212470,2026-04-07 19:25:26.0261249,2026-04-07 19:25:26.0212470,0,622681504,279,,,"[ZoneTransfer]
ZoneId=3
",D:\$MFT
131,1,True,127,1,.\RandomFiles\Windows_ADK_10.1.26100.2454_Update_KB5079391,OACheck-x86_en-us.msp,.msp,1462272,1,,False,True,False,False,True,True,Archive|NotContentIndexed,Posix,2026-04-07 19:25:26.0329642,,2026-03-24 20:29:17.0000000,2026-04-07 19:25:26.0329642,2026-04-01 20:03:39.5146110,2026-04-07 19:25:26.0329642,2026-04-07 19:25:26.0378474,2026-04-07 19:25:26.0329642,0,622681588,279,,,,D:\$MFT
131,1,True,127,1,.\RandomFiles\Windows_ADK_10.1.26100.2454_Update_KB5079391,OACheck-x86_en-us.msp:Zone.Identifier,.Identifier,26,1,,False,False,True,False,True,True,Archive|NotContentIndexed,Posix,2026-04-07 19:25:26.0329642,,2026-03-24 20:29:17.0000000,2026-04-07 19:25:26.0329642,2026-04-01 20:03:39.5146110,2026-04-07 19:25:26.0329642,2026-04-07 19:25:26.0378474,2026-04-07 19:25:26.0329642,0,622681588,279,,,"[ZoneTransfer]
ZoneId=3
",D:\$MFT
132,1,True,127,1,.\RandomFiles\Windows_ADK_10.1.26100.2454_Update_KB5079391,OATool-x86_en-us.msp,.msp,258048,1,,False,True,False,False,True,True,Archive|NotContentIndexed,Posix,2026-04-07 19:25:26.0607183,,2026-03-24 20:29:17.0000000,2026-04-07 19:25:26.0607183,2026-04-01 20:03:39.5193261,2026-04-07 19:25:26.0607183,2026-04-07 19:25:26.0642021,2026-04-07 19:25:26.0607183,0,622681624,279,,,,D:\$MFT
132,1,True,127,1,.\RandomFiles\Windows_ADK_10.1.26100.2454_Update_KB5079391,OATool-x86_en-us.msp:Zone.Identifier,.Identifier,26,1,,False,False,True,False,True,True,Archive|NotContentIndexed,Posix,2026-04-07 19:25:26.0607183,,2026-03-24 20:29:17.0000000,2026-04-07 19:25:26.0607183,2026-04-01 20:03:39.5193261,2026-04-07 19:25:26.0607183,2026-04-07 19:25:26.0642021,2026-04-07 19:25:26.0607183,0,622681624,279,,,"[ZoneTransfer]
ZoneId=3
",D:\$MFT
133,1,True,127,1,.\RandomFiles\Windows_ADK_10.1.26100.2454_Update_KB5079391,Volume Activation Management Tool-x86_en-us.msp,.msp,864256,1,,False,True,False,False,True,True,Archive|NotContentIndexed,Posix,2026-04-07 19:25:26.0720197,,2026-03-24 20:29:17.0000000,2026-04-07 19:25:26.0720197,2026-04-01 20:03:39.5285044,2026-04-07 19:25:26.0720197,2026-04-07 19:25:26.0749435,2026-04-07 19:25:26.0720197,0,622681652,279,,,,D:\$MFT
133,1,True,127,1,.\RandomFiles\Windows_ADK_10.1.26100.2454_Update_KB5079391,Volume Activation Management Tool-x86_en-us.msp:Zone.Identifier,.Identifier,26,1,,False,False,True,False,True,True,Archive|NotContentIndexed,Posix,2026-04-07 19:25:26.0720197,,2026-03-24 20:29:17.0000000,2026-04-07 19:25:26.0720197,2026-04-01 20:03:39.5285044,2026-04-07 19:25:26.0720197,2026-04-07 19:25:26.0749435,2026-04-07 19:25:26.0720197,0,622681652,279,,,"[ZoneTransfer]
ZoneId=3
",D:\$MFT
134,1,True,127,1,.\RandomFiles\Windows_ADK_10.1.26100.2454_Update_KB5079391,Windows System Image Manager-x86_en-us.msp,.msp,33853440,1,,False,True,False,False,True,True,Archive|NotContentIndexed,Posix,2026-04-07 19:25:26.0837405,,2026-03-24 20:29:20.0000000,2026-04-07 19:25:26.0837405,2026-04-01 20:03:39.8688643,2026-04-07 19:25:26.0837405,2026-04-07 19:25:26.1221527,2026-04-07 19:25:26.0837405,0,622684440,279,,,,D:\$MFT
134,1,True,127,1,.\RandomFiles\Windows_ADK_10.1.26100.2454_Update_KB5079391,Windows System Image Manager-x86_en-us.msp:Zone.Identifier,.Identifier,26,1,,False,False,True,False,True,True,Archive|NotContentIndexed,Posix,2026-04-07 19:25:26.0837405,,2026-03-24 20:29:20.0000000,2026-04-07 19:25:26.0837405,2026-04-01 20:03:39.8688643,2026-04-07 19:25:26.0837405,2026-04-07 19:25:26.1221527,2026-04-07 19:25:26.0837405,0,622684440,279,,,"[ZoneTransfer]
ZoneId=3
",D:\$MFT
135,1,True,118,4,.\RandomFiles,Laserfw2018guide.pdf,.pdf,0,1,,False,False,False,False,False,True,Archive|NotContentIndexed,Posix,2026-04-07 19:26:55.7233517,,2026-03-31 12:55:05.1336506,2026-04-07 19:26:55.7233517,2026-03-31 12:55:21.8942066,2026-04-07 19:26:55.7233517,2026-04-07 19:26:55.7233517,,0,622696525,279,,,,D:\$MFT
136,1,True,118,4,.\RandomFiles,MediaCreationTool_22H2 (1).exe,.exe,19463448,1,,False,False,False,False,False,True,Archive|NotContentIndexed,Posix,2026-04-07 19:26:56.4331742,,2026-04-01 13:05:05.1457600,2026-04-07 19:26:56.4331742,2026-04-01 13:05:10.9827628,2026-04-07 19:26:56.4331742,2026-04-08 12:19:35.3979461,2026-04-07 19:26:56.4331742,0,655472237,279,,,,D:\$MFT
137,1,True,118,4,.\RandomFiles,Memory- Program Loading and Address Binding (1).docx,.docx,21786,1,,False,True,False,False,False,True,Archive|NotContentIndexed,Posix,2026-04-07 19:26:56.4540029,,2026-04-02 15:47:15.9277776,2026-04-07 19:26:56.4540029,2026-04-02 15:47:17.1308593,2026-04-07 19:26:56.4540029,2026-04-08 12:19:34.8236177,2026-04-07 19:26:56.4540029,0,655472271,279,,,,D:\$MFT
137,1,True,118,4,.\RandomFiles,Memory- Program Loading and Address Binding (1).docx:Zone.Identifier,.Identifier,97,1,,False,False,True,False,False,True,Archive|NotContentIndexed,Posix,2026-04-07 19:26:56.4540029,,2026-04-02 15:47:15.9277776,2026-04-07 19:26:56.4540029,2026-04-02 15:47:17.1308593,2026-04-07 19:26:56.4540029,2026-04-08 12:19:34.8236177,2026-04-07 19:26:56.4540029,0,655472271,279,,,"[ZoneTransfer]
ZoneId=3
ReferrerUrl=https://easternct.blackboard.com/
HostUrl=about:internet
",D:\$MFT
138,1,True,118,4,.\RandomFiles,"Operating System Forensics -- Messier, Ric -- 1, 2016 -- Elsevier, Syngress is an imprint of Elsevier -- 9780128019498 -- 819971f5ba4d7ae1ffdf88b7cfcde6f9 -- Anna’s Archive.pdf",.pdf,77233226,1,,False,True,False,False,False,True,Archive|NotContentIndexed,Posix,2026-04-07 19:26:56.4686383,,2026-04-02 22:17:06.2719995,2026-04-07 19:26:56.4686383,2026-04-02 22:17:09.6007491,2026-04-07 19:26:56.4686383,2026-04-07 19:26:57.2564543,2026-04-07 19:26:56.4686383,0,622794613,279,,,,D:\$MFT
138,1,True,118,4,.\RandomFiles,"Operating System Forensics -- Messier, Ric -- 1, 2016 -- Elsevier, Syngress is an imprint of Elsevier -- 9780128019498 -- 819971f5ba4d7ae1ffdf88b7cfcde6f9 -- Anna’s Archive.pdf:Zone.Identifier",.Identifier,243,1,,False,False,True,False,False,True,Archive|NotContentIndexed,Posix,2026-04-07 19:26:56.4686383,,2026-04-02 22:17:06.2719995,2026-04-07 19:26:56.4686383,2026-04-02 22:17:09.6007491,2026-04-07 19:26:56.4686383,2026-04-07 19:26:57.2564543,2026-04-07 19:26:56.4686383,0,622794613,279,,,"[ZoneTransfer]
ZoneId=3
HostUrl=https://drive.usercontent.google.com/download?id=1piszmdqNoeHh4OXG3f1KIvvciUOUDq9m&export=download&authuser=0&confirm=t&uuid=d1c64638-7b12-4bd8-97b1-c7ae6d9573c2&at=AGN2oQ0gAIGCfp6oc8rHO0Sf_D_K:1775168214928
",D:\$MFT
139,1,True,118,4,.\RandomFiles,Oracle_VirtualBox_Extension_Pack-7.2.6.vbox-extpack,.vbox-extpack,20040709,1,,False,True,False,False,False,True,Archive|NotContentIndexed,Posix,2026-04-07 19:26:57.2574307,,2026-04-01 18:02:09.5807278,2026-04-07 19:26:57.2574307,2026-04-01 18:08:53.2229795,2026-04-07 19:26:57.2574307,2026-04-07 19:26:57.2853285,2026-04-07 19:26:57.2574307,0,622706251,279,,,,D:\$MFT
139,1,True,118,4,.\RandomFiles,Oracle_VirtualBox_Extension_Pack-7.2.6.vbox-extpack:Zone.Identifier,.Identifier,177,1,,False,False,True,False,False,True,Archive|NotContentIndexed,Posix,2026-04-07 19:26:57.2574307,,2026-04-01 18:02:09.5807278,2026-04-07 19:26:57.2574307,2026-04-01 18:08:53.2229795,2026-04-07 19:26:57.2574307,2026-04-07 19:26:57.2853285,2026-04-07 19:26:57.2574307,0,622706251,279,,,"[ZoneTransfer]
ZoneId=3
ReferrerUrl=https://www.virtualbox.org/
HostUrl=https://download.virtualbox.org/virtualbox/7.2.6/Oracle_VirtualBox_Extension_Pack-7.2.6.vbox-extpack
",D:\$MFT
140,1,True,118,4,.\RandomFiles,Outline (1).docx,.docx,30069,1,,False,True,False,False,False,True,Archive|NotContentIndexed,Posix,2026-04-07 19:26:58.2772231,,2026-04-01 16:12:12.3585624,2026-04-07 19:26:58.2772231,2026-04-01 16:12:12.3606906,2026-04-07 19:26:58.2772231,2026-04-07 19:26:58.2884800,2026-04-07 19:26:58.2772231,0,622706014,279,,,,D:\$MFT
140,1,True,118,4,.\RandomFiles,Outline (1).docx:Zone.Identifier,.Identifier,150,1,,False,False,True,False,False,True,Archive|NotContentIndexed,Posix,2026-04-07 19:26:58.2772231,,2026-04-01 16:12:12.3585624,2026-04-07 19:26:58.2772231,2026-04-01 16:12:12.3606906,2026-04-07 19:26:58.2772231,2026-04-07 19:26:58.2884800,2026-04-07 19:26:58.2772231,0,622706014,279,,,"[ZoneTransfer]
ZoneId=3
ReferrerUrl=https://gdancik.github.io/CSC-450/assignments/
HostUrl=https://gdancik.github.io/CSC-450/data/hw/Outline.docx
",D:\$MFT
141,1,True,66,1,.\$RECYCLE.BIN\S-1-5-21-3413159508-1609183581-846010861-1001,$RIV1G4Z.docx,.docx,28692,1,,False,True,False,False,False,True,Archive|NotContentIndexed,Posix,2026-04-07 19:26:58.3098208,,2026-03-31 13:40:35.4999349,,2026-04-07 19:27:54.2051596,2026-03-31 13:40:35.5055054,2026-04-07 19:27:51.0811063,2026-04-07 19:26:58.3141391,0,622723871,280,,,,D:\$MFT
141,1,True,66,1,.\$RECYCLE.BIN\S-1-5-21-3413159508-1609183581-846010861-1001,$RIV1G4Z.docx:Zone.Identifier,.Identifier,150,1,,False,False,True,False,False,True,Archive|NotContentIndexed,Posix,2026-04-07 19:26:58.3098208,,2026-03-31 13:40:35.4999349,,2026-04-07 19:27:54.2051596,2026-03-31 13:40:35.5055054,2026-04-07 19:27:51.0811063,2026-04-07 19:26:58.3141391,0,622723871,280,,,"[ZoneTransfer]
ZoneId=3
ReferrerUrl=https://gdancik.github.io/CSC-450/assignments/
HostUrl=https://gdancik.github.io/CSC-450/data/hw/Outline.docx
",D:\$MFT
142,1,True,118,4,.\RandomFiles,page fault- Belady's anomaly(1).pptx,.pptx,1118986,1,,False,True,False,False,False,True,Archive|NotContentIndexed,Posix,2026-04-07 19:26:58.3347042,,2026-04-02 17:10:48.2765143,2026-04-07 19:26:58.3347042,2026-04-02 17:10:50.6627410,2026-04-07 19:26:58.3347042,2026-04-07 19:26:58.3428736,2026-04-07 19:26:58.3347042,0,622706195,279,,,,D:\$MFT
142,1,True,118,4,.\RandomFiles,page fault- Belady's anomaly(1).pptx:Zone.Identifier,.Identifier,97,1,,False,False,True,False,False,True,Archive|NotContentIndexed,Posix,2026-04-07 19:26:58.3347042,,2026-04-02 17:10:48.2765143,2026-04-07 19:26:58.3347042,2026-04-02 17:10:50.6627410,2026-04-07 19:26:58.3347042,2026-04-07 19:26:58.3428736,2026-04-07 19:26:58.3347042,0,622706195,279,,,"[ZoneTransfer]
ZoneId=3
ReferrerUrl=https://easternct.blackboard.com/
HostUrl=about:internet
",D:\$MFT
143,1,True,118,4,.\RandomFiles,PairwiseAlignment.docx,.docx,29241,1,,False,True,False,False,False,True,Archive|NotContentIndexed,Posix,2026-04-07 19:26:58.3605621,,2026-03-31 11:21:21.0675232,2026-04-07 19:26:58.3605621,2026-03-31 11:21:21.0685591,2026-04-07 19:26:58.3605621,2026-04-07 19:26:58.3647373,2026-04-07 19:26:58.3605621,0,622706070,279,,,,D:\$MFT
143,1,True,118,4,.\RandomFiles,PairwiseAlignment.docx:Zone.Identifier,.Identifier,160,1,,False,False,True,False,False,True,Archive|NotContentIndexed,Posix,2026-04-07 19:26:58.3605621,,2026-03-31 11:21:21.0675232,2026-04-07 19:26:58.3605621,2026-03-31 11:21:21.0685591,2026-04-07 19:26:58.3605621,2026-04-07 19:26:58.3647373,2026-04-07 19:26:58.3605621,0,622706070,279,,,"[ZoneTransfer]
ZoneId=3
ReferrerUrl=https://gdancik.github.io/CSC-314/assignments/
HostUrl=https://gdancik.github.io/CSC-314/data/hw/PairwiseAlignment.docx
",D:\$MFT
144,1,True,66,1,.\$RECYCLE.BIN\S-1-5-21-3413159508-1609183581-846010861-1001,$IIV1G4Z.docx,.docx,84,1,,False,False,False,False,False,False,Archive,Posix,2026-04-07 19:27:53.7478616,,2026-04-07 19:27:53.7478616,,2026-04-07 19:27:53.7478616,,2026-04-13 11:31:26.4056410,2026-04-07 19:27:53.7478616,0,687895718,271,,,,D:\$MFT
145,1,True,5,5,.,Store,,0,1,,True,False,False,False,False,False,None,Posix,2026-04-07 19:29:39.0196403,,2026-04-07 19:29:39.0196403,,2026-04-07 19:29:46.6937399,2026-04-07 19:29:39.0196403,2026-04-13 12:28:22.5751194,2026-04-07 19:29:39.0196403,0,687899434,274,,,,D:\$MFT
146,4,True,66,1,.\$RECYCLE.BIN\S-1-5-21-3413159508-1609183581-846010861-1001,$R9PLID2.txt,.txt,99,1,,False,False,False,False,False,False,Archive,Posix,2026-04-08 12:10:10.1308298,,2026-04-08 12:10:27.2503180,,2026-04-08 12:10:36.1126588,2026-04-08 12:10:27.2510751,2026-04-08 12:10:30.3437308,2026-04-08 12:10:27.2503180,0,655114166,281,eddf0da6-3337-11f1-a5bf-e86f3838a0ef,,,D:\$MFT
147,1,True,66,1,.\$RECYCLE.BIN\S-1-5-21-3413159508-1609183581-846010861-1001,$I9PLID2.txt,.txt,64,1,,False,False,False,False,False,False,Archive,Posix,2026-04-08 12:10:35.9690423,,2026-04-08 12:10:35.9700152,2026-04-08 12:10:35.9690423,2026-04-08 12:10:35.9700152,2026-04-08 12:10:35.9690423,2026-04-13 11:31:26.3621912,2026-04-08 12:10:35.9690423,0,687895474,271,,,,D:\$MFT
148,2,True,66,1,.\$RECYCLE.BIN\S-1-5-21-3413159508-1609183581-846010861-1001,$RBLN5JE.txt,.txt,26,1,,False,False,False,False,False,False,Archive,Posix,2026-04-08 12:15:51.6704347,,2026-04-08 12:15:59.5609488,,2026-04-08 12:16:05.5358759,2026-04-08 12:15:59.5609488,2026-04-08 12:15:59.5609488,,0,655263311,281,eddf0eb3-3337-11f1-a5bf-e86f3838a0ef,,,D:\$MFT
149,1,True,66,1,.\$RECYCLE.BIN\S-1-5-21-3413159508-1609183581-846010861-1001,$IBLN5JE.txt,.txt,54,1,,False,False,False,False,False,False,Archive,Posix,2026-04-08 12:16:05.4759402,,2026-04-08 12:16:05.5352518,2026-04-08 12:16:05.4759402,2026-04-08 12:16:05.5352518,2026-04-08 12:16:05.4759402,2026-04-13 11:31:26.3726667,2026-04-08 12:16:05.4759402,0,687895533,271,,,,D:\$MFT
150,1,True,5,5,.,RandomFiles - Copy,,0,1,,True,False,False,False,False,False,NotContentIndexed,Posix,2026-04-08 12:19:43.6270257,,2026-04-08 13:56:50.7594353,2026-04-08 12:19:43.6270257,2026-04-08 13:56:50.7594353,2026-04-08 12:19:43.6270257,2026-04-08 14:41:32.7942307,2026-04-08 12:19:43.6270257,0,656803347,273,eddf0ef5-3337-11f1-a5bf-e86f3838a0ef,,,D:\$MFT
151,1,True,150,1,.\RandomFiles - Copy,adksetup.exe,.exe,2234632,1,,False,False,False,False,False,True,Archive|NotContentIndexed,Posix,2026-04-08 12:19:43.6299551,,2026-04-01 19:58:31.4487035,2026-04-08 12:19:43.6299551,2026-04-01 19:58:42.6112182,2026-04-08 12:19:43.6299551,2026-04-08 12:19:57.1827816,2026-04-08 12:19:43.6299551,0,655472441,279,,,,D:\$MFT
152,1,True,150,1,.\RandomFiles - Copy,Assignment3Sp26.docx,.docx,22226,1,,False,True,False,False,False,True,Archive|NotContentIndexed,Posix,2026-04-08 12:19:43.7893440,,2026-04-01 11:37:50.9703557,2026-04-08 12:19:43.7893440,2026-04-01 11:37:52.3707906,2026-04-08 12:19:43.7893440,2026-04-08 12:19:43.8234031,2026-04-08 12:19:43.7893440,0,655329817,279,,,,D:\$MFT
152,1,True,150,1,.\RandomFiles - Copy,Assignment3Sp26.docx:Zone.Identifier,.Identifier,97,1,,False,False,True,False,False,True,Archive|NotContentIndexed,Posix,2026-04-08 12:19:43.7893440,,2026-04-01 11:37:50.9703557,2026-04-08 12:19:43.7893440,2026-04-01 11:37:52.3707906,2026-04-08 12:19:43.7893440,2026-04-08 12:19:43.8234031,2026-04-08 12:19:43.7893440,0,655329817,279,,,"[ZoneTransfer]
ZoneId=3
ReferrerUrl=https://easternct.blackboard.com/
HostUrl=about:internet
",D:\$MFT
153,1,True,150,1,.\RandomFiles - Copy,"Brian Carrier - File System Forensic Analysis (2005, Addison-Wesley) - libgen.li.pdf",.pdf,3472814,1,,False,True,False,False,False,True,Archive|NotContentIndexed,Posix,2026-04-08 12:19:43.8288620,,2026-04-02 17:19:26.5254822,2026-04-08 12:19:43.8288620,2026-04-02 17:19:26.5254822,2026-04-08 12:19:43.8288620,2026-04-08 12:19:43.9511095,2026-04-08 12:19:43.8288620,0,655331340,279,,,,D:\$MFT
153,1,True,150,1,.\RandomFiles - Copy,"Brian Carrier - File System Forensic Analysis (2005, Addison-Wesley) - libgen.li.pdf:Zone.Identifier",.Identifier,243,1,,False,False,True,False,False,True,Archive|NotContentIndexed,Posix,2026-04-08 12:19:43.8288620,,2026-04-02 17:19:26.5254822,2026-04-08 12:19:43.8288620,2026-04-02 17:19:26.5254822,2026-04-08 12:19:43.8288620,2026-04-08 12:19:43.9511095,2026-04-08 12:19:43.8288620,0,655331340,279,,,"[ZoneTransfer]
ZoneId=3
HostUrl=https://drive.usercontent.google.com/download?id=16TEHiOKt3gCnAlfzsygXba7IbvIHJROe&export=download&authuser=0&confirm=t&uuid=afb59689-5e5f-48b7-bc31-1cc2011bae34&at=AGN2oQ1SsjzxpqNSiTFHeV_Fl-6U:1775150358611
",D:\$MFT
154,1,True,150,1,.\RandomFiles - Copy,COMPLETED Outline (1).docx,.docx,31709,1,,False,False,False,False,False,True,Archive|NotContentIndexed,Posix,2026-04-08 12:19:43.9555832,,2026-04-02 11:10:17.1128136,2026-04-08 12:19:43.9555832,2026-04-02 11:10:17.1570388,2026-04-08 12:19:43.9555832,2026-04-08 12:19:43.9989784,2026-04-08 12:19:43.9555832,0,655330954,279,,,,D:\$MFT
155,1,True,150,1,.\RandomFiles - Copy,COMPLETED Quiz 4 Cyber.pdf,.pdf,3185345,1,,False,True,False,False,False,True,Archive|NotContentIndexed,Posix,2026-04-08 12:19:44.0038595,,2026-03-30 14:55:45.0507707,2026-04-08 12:19:44.0038595,2026-03-30 14:56:12.7057654,2026-04-08 12:19:44.0038595,2026-04-08 12:19:44.2687879,2026-04-08 12:19:44.0038595,0,655332041,279,,,,D:\$MFT
155,1,True,150,1,.\RandomFiles - Copy,COMPLETED Quiz 4 Cyber.pdf:Zone.Identifier,.Identifier,1536,1,,False,False,True,False,False,True,Archive|NotContentIndexed,Posix,2026-04-08 12:19:44.0038595,,2026-03-30 14:55:45.0507707,2026-04-08 12:19:44.0038595,2026-03-30 14:56:12.7057654,2026-04-08 12:19:44.0038595,2026-04-08 12:19:44.2687879,2026-04-08 12:19:44.0038595,0,655332041,279,,,(Zone.Identifier data is non-resident),D:\$MFT
156,1,True,150,1,.\RandomFiles - Copy,DSCN0076.JPG,.JPG,0,1,,False,False,False,False,False,True,Archive|NotContentIndexed,Posix,2026-04-08 12:19:44.3226284,,2026-03-31 12:56:18.5305463,2026-04-08 12:19:44.3226284,2026-03-31 12:56:31.2484087,2026-04-08 12:19:44.3226284,2026-04-08 12:19:44.3226284,,0,655326819,279,,,,D:\$MFT
157,1,True,150,1,.\RandomFiles - Copy,DynamicProgrammingExample (1).docx,.docx,31013,1,,False,True,False,False,False,True,Archive|NotContentIndexed,Posix,2026-04-08 12:19:44.3255593,,2026-04-02 18:47:10.1664956,2026-04-08 12:19:44.3255593,2026-04-02 18:51:10.0255382,2026-04-08 12:19:44.3255593,2026-04-08 12:19:44.3541113,2026-04-08 12:19:44.3255593,0,655331304,279,,,,D:\$MFT
157,1,True,150,1,.\RandomFiles - Copy,DynamicProgrammingExample (1).docx:Zone.Identifier,.Identifier,165,1,,False,False,True,False,False,True,Archive|NotContentIndexed,Posix,2026-04-08 12:19:44.3255593,,2026-04-02 18:47:10.1664956,2026-04-08 12:19:44.3255593,2026-04-02 18:51:10.0255382,2026-04-08 12:19:44.3255593,2026-04-08 12:19:44.3541113,2026-04-08 12:19:44.3255593,0,655331304,279,,,"[ZoneTransfer]
ZoneId=3
ReferrerUrl=https://gdancik.github.io/CSC-314/notes/
HostUrl=https://gdancik.github.io/CSC-314/data/notes/DynamicProgrammingExample.docx
",D:\$MFT
158,1,True,66,1,.\$RECYCLE.BIN\S-1-5-21-3413159508-1609183581-846010861-1001,$RKDI0OD.docx,.docx,51697,1,,False,True,False,False,False,True,Archive|NotContentIndexed,Posix,2026-04-08 12:19:44.3580080,,2026-03-31 18:53:57.1227144,,2026-04-08 13:56:50.7125585,2026-03-31 18:53:57.1293799,2026-04-08 12:19:44.3997149,,2224,656788620,280,,,,D:\$MFT
158,1,True,66,1,.\$RECYCLE.BIN\S-1-5-21-3413159508-1609183581-846010861-1001,$RKDI0OD.docx:Zone.Identifier,.Identifier,165,1,,False,False,True,False,False,True,Archive|NotContentIndexed,Posix,2026-04-08 12:19:44.3580080,,2026-03-31 18:53:57.1227144,,2026-04-08 13:56:50.7125585,2026-03-31 18:53:57.1293799,2026-04-08 12:19:44.3997149,,2224,656788620,280,,,"[ZoneTransfer]
ZoneId=3
ReferrerUrl=https://gdancik.github.io/CSC-314/notes/
HostUrl=https://gdancik.github.io/CSC-314/data/notes/DynamicProgrammingExample.docx
",D:\$MFT
159,1,True,66,1,.\$RECYCLE.BIN\S-1-5-21-3413159508-1609183581-846010861-1001,$R2B5GV0.pdf,.pdf,0,1,,False,False,False,False,False,True,Archive|NotContentIndexed,Posix,2026-04-08 12:19:44.4075977,,2026-03-31 12:55:05.1336506,,2026-04-08 13:56:50.7441214,2026-03-31 12:55:21.8942066,2026-04-08 12:19:44.4075977,,2944,656789821,280,,,,D:\$MFT
160,1,True,66,1,.\$RECYCLE.BIN\S-1-5-21-3413159508-1609183581-846010861-1001,$RWF6GYC.exe,.exe,19463448,1,,False,False,False,False,False,True,Archive|NotContentIndexed,Posix,2026-04-08 12:19:44.4186660,,2026-04-01 13:05:05.1457600,,2026-04-08 13:56:50.7594353,2026-04-01 13:05:10.9827628,2026-04-08 14:38:14.3110557,2026-04-08 13:56:48.6068445,3680,656799776,280,,,,D:\$MFT
161,1,True,66,1,.\$RECYCLE.BIN\S-1-5-21-3413159508-1609183581-846010861-1001,$R1NZHFE.docx,.docx,21786,1,,False,True,False,False,False,True,Archive|NotContentIndexed,Posix,2026-04-08 12:19:44.6892691,,2026-04-02 15:47:15.9277776,,2026-04-08 13:56:50.7594353,2026-04-02 15:47:17.1308593,2026-04-08 12:19:44.7170052,,4528,656792294,280,,,,D:\$MFT
161,1,True,66,1,.\$RECYCLE.BIN\S-1-5-21-3413159508-1609183581-846010861-1001,$R1NZHFE.docx:Zone.Identifier,.Identifier,97,1,,False,False,True,False,False,True,Archive|NotContentIndexed,Posix,2026-04-08 12:19:44.6892691,,2026-04-02 15:47:15.9277776,,2026-04-08 13:56:50.7594353,2026-04-02 15:47:17.1308593,2026-04-08 12:19:44.7170052,,4528,656792294,280,,,"[ZoneTransfer]
ZoneId=3
ReferrerUrl=https://easternct.blackboard.com/
HostUrl=about:internet
",D:\$MFT
162,1,True,66,1,.\$RECYCLE.BIN\S-1-5-21-3413159508-1609183581-846010861-1001,$RDUJFEV.pdf,.pdf,77233226,1,,False,True,False,False,False,True,Archive|NotContentIndexed,Posix,2026-04-08 12:19:44.7218919,,2026-04-02 22:17:06.2719995,,2026-04-08 12:20:05.7945407,2026-04-02 22:17:09.6007491,2026-04-08 12:19:46.0946549,,0,655346959,280,,,,D:\$MFT
162,1,True,66,1,.\$RECYCLE.BIN\S-1-5-21-3413159508-1609183581-846010861-1001,$RDUJFEV.pdf:Zone.Identifier,.Identifier,243,1,,False,False,True,False,False,True,Archive|NotContentIndexed,Posix,2026-04-08 12:19:44.7218919,,2026-04-02 22:17:06.2719995,,2026-04-08 12:20:05.7945407,2026-04-02 22:17:09.6007491,2026-04-08 12:19:46.0946549,,0,655346959,280,,,"[ZoneTransfer]
ZoneId=3
HostUrl=https://drive.usercontent.google.com/download?id=1piszmdqNoeHh4OXG3f1KIvvciUOUDq9m&export=download&authuser=0&confirm=t&uuid=d1c64638-7b12-4bd8-97b1-c7ae6d9573c2&at=AGN2oQ0gAIGCfp6oc8rHO0Sf_D_K:1775168214928
",D:\$MFT
163,1,True,66,1,.\$RECYCLE.BIN\S-1-5-21-3413159508-1609183581-846010861-1001,$RQTLCO7.vbox-extpack,.vbox-extpack,20040709,1,,False,True,False,False,False,True,Archive|NotContentIndexed,Posix,2026-04-08 12:19:46.0998294,,2026-04-01 18:02:09.5807278,,2026-04-08 12:20:05.7981601,2026-04-01 18:08:53.2229795,2026-04-08 12:19:46.3679769,,0,655347682,280,,,,D:\$MFT
163,1,True,66,1,.\$RECYCLE.BIN\S-1-5-21-3413159508-1609183581-846010861-1001,$RQTLCO7.vbox-extpack:Zone.Identifier,.Identifier,177,1,,False,False,True,False,False,True,Archive|NotContentIndexed,Posix,2026-04-08 12:19:46.0998294,,2026-04-01 18:02:09.5807278,,2026-04-08 12:20:05.7981601,2026-04-01 18:08:53.2229795,2026-04-08 12:19:46.3679769,,0,655347682,280,,,"[ZoneTransfer]
ZoneId=3
ReferrerUrl=https://www.virtualbox.org/
HostUrl=https://download.virtualbox.org/virtualbox/7.2.6/Oracle_VirtualBox_Extension_Pack-7.2.6.vbox-extpack
",D:\$MFT
164,5,True,11,11,.\$Extend,$UsnJrnl,,41832,1,,False,True,False,False,False,False,Hidden|System|SparseFile,Posix,2026-04-08 13:47:11.2262723,,2026-04-08 13:47:11.2262723,,2026-04-08 13:47:11.2262723,,2026-04-08 13:47:11.2262723,,0,687894558,257,,,,D:\$MFT
164,5,True,11,11,.\$Extend,$UsnJrnl:$J,,41832,1,,False,False,True,False,False,False,Hidden|System|SparseFile,Posix,2026-04-08 13:47:11.2262723,,2026-04-08 13:47:11.2262723,,2026-04-08 13:47:11.2262723,,2026-04-08 13:47:11.2262723,,0,687894558,257,,,,D:\$MFT
164,5,True,11,11,.\$Extend,$UsnJrnl:$Max,,32,1,,False,False,True,False,False,False,Hidden|System|SparseFile,Posix,2026-04-08 13:47:11.2262723,,2026-04-08 13:47:11.2262723,,2026-04-08 13:47:11.2262723,,2026-04-08 13:47:11.2262723,,0,687894558,257,,,,D:\$MFT
165,1,True,66,1,.\$RECYCLE.BIN\S-1-5-21-3413159508-1609183581-846010861-1001,$R8JQMV4.pptx,.pptx,1118986,1,,False,True,False,False,False,True,Archive|NotContentIndexed,Posix,2026-04-08 12:19:46.5261379,,2026-04-02 17:10:48.2765143,,2026-04-08 12:20:05.7680964,2026-04-02 17:10:50.6627410,2026-04-08 15:29:27.8968411,2026-04-08 12:19:46.9235660,0,656807005,280,,,,D:\$MFT
165,1,True,66,1,.\$RECYCLE.BIN\S-1-5-21-3413159508-1609183581-846010861-1001,$R8JQMV4.pptx:Zone.Identifier,.Identifier,97,1,,False,False,True,False,False,True,Archive|NotContentIndexed,Posix,2026-04-08 12:19:46.5261379,,2026-04-02 17:10:48.2765143,,2026-04-08 12:20:05.7680964,2026-04-02 17:10:50.6627410,2026-04-08 15:29:27.8968411,2026-04-08 12:19:46.9235660,0,656807005,280,,,"[ZoneTransfer]
ZoneId=3
ReferrerUrl=https://easternct.blackboard.com/
HostUrl=about:internet
",D:\$MFT
166,1,True,66,1,.\$RECYCLE.BIN\S-1-5-21-3413159508-1609183581-846010861-1001,$RF79SPY.docx,.docx,29241,1,,False,True,False,False,False,True,Archive|NotContentIndexed,Posix,2026-04-08 12:19:46.9274077,,2026-03-31 11:21:21.0675232,,2026-04-08 12:20:05.7916125,2026-03-31 11:21:21.0685591,2026-04-08 15:29:27.9738377,2026-04-08 12:19:46.9696153,0,656807039,280,,,,D:\$MFT
166,1,True,66,1,.\$RECYCLE.BIN\S-1-5-21-3413159508-1609183581-846010861-1001,$RF79SPY.docx:Zone.Identifier,.Identifier,160,1,,False,False,True,False,False,True,Archive|NotContentIndexed,Posix,2026-04-08 12:19:46.9274077,,2026-03-31 11:21:21.0675232,,2026-04-08 12:20:05.7916125,2026-03-31 11:21:21.0685591,2026-04-08 15:29:27.9738377,2026-04-08 12:19:46.9696153,0,656807039,280,,,"[ZoneTransfer]
ZoneId=3
ReferrerUrl=https://gdancik.github.io/CSC-314/assignments/
HostUrl=https://gdancik.github.io/CSC-314/data/hw/PairwiseAlignment.docx
",D:\$MFT
167,1,True,150,1,.\RandomFiles - Copy,Windows_ADK_10.1.26100.2454_Update_KB5079391,,0,1,,True,False,False,False,False,False,NotContentIndexed,Posix,2026-04-08 12:19:46.9742443,,2026-04-08 12:19:51.8397204,2026-04-08 12:19:46.9742443,2026-04-08 12:19:51.8397204,2026-04-08 12:19:46.9742443,2026-04-08 13:56:37.6505281,2026-04-08 12:19:46.9742443,0,656794010,273,,,,D:\$MFT
168,1,True,167,1,.\RandomFiles - Copy\Windows_ADK_10.1.26100.2454_Update_KB5079391,Appman Sequencer on amd64-x64_en-us.msp,.msp,91561984,1,,False,True,False,False,True,True,Archive|NotContentIndexed,Posix,2026-04-08 12:19:47.0162895,,2026-03-24 20:29:26.0000000,2026-04-08 12:19:47.0162895,2026-04-01 20:03:38.6857105,2026-04-08 12:19:47.0162895,2026-04-08 12:19:48.1761690,2026-04-08 12:19:47.0162895,0,655349407,279,,,,D:\$MFT
168,1,True,167,1,.\RandomFiles - Copy\Windows_ADK_10.1.26100.2454_Update_KB5079391,Appman Sequencer on amd64-x64_en-us.msp:Zone.Identifier,.Identifier,26,1,,False,False,True,False,True,True,Archive|NotContentIndexed,Posix,2026-04-08 12:19:47.0162895,,2026-03-24 20:29:26.0000000,2026-04-08 12:19:47.0162895,2026-04-01 20:03:38.6857105,2026-04-08 12:19:47.0162895,2026-04-08 12:19:48.1761690,2026-04-08 12:19:47.0162895,0,655349407,279,,,"[ZoneTransfer]
ZoneId=3
",D:\$MFT
169,1,True,167,1,.\RandomFiles - Copy\Windows_ADK_10.1.26100.2454_Update_KB5079391,Appman Sequencer on x86-x86_en-us.msp,.msp,84307968,1,,False,True,False,False,True,True,Archive|NotContentIndexed,Posix,2026-04-08 12:19:48.1810516,,2026-03-24 20:29:20.0000000,2026-04-08 12:19:48.1810516,2026-04-01 20:03:39.4868283,2026-04-08 12:19:48.1810516,2026-04-08 12:19:50.3347862,2026-04-08 12:19:48.1810516,0,655355090,279,,,,D:\$MFT
169,1,True,167,1,.\RandomFiles - Copy\Windows_ADK_10.1.26100.2454_Update_KB5079391,Appman Sequencer on x86-x86_en-us.msp:Zone.Identifier,.Identifier,26,1,,False,False,True,False,True,True,Archive|NotContentIndexed,Posix,2026-04-08 12:19:48.1810516,,2026-03-24 20:29:20.0000000,2026-04-08 12:19:48.1810516,2026-04-01 20:03:39.4868283,2026-04-08 12:19:48.1810516,2026-04-08 12:19:50.3347862,2026-04-08 12:19:48.1810516,0,655355090,279,,,"[ZoneTransfer]
ZoneId=3
",D:\$MFT
170,1,True,167,1,.\RandomFiles - Copy\Windows_ADK_10.1.26100.2454_Update_KB5079391,OA3Tool-x86_en-us.msp,.msp,1634304,1,,False,True,False,False,True,True,Archive|NotContentIndexed,Posix,2026-04-08 12:19:50.5573984,,2026-03-24 20:29:17.0000000,2026-04-08 12:19:50.5573984,2026-04-01 20:03:39.5025000,2026-04-08 12:19:50.5573984,2026-04-08 12:19:50.8749980,2026-04-08 12:19:50.5573984,0,655340432,279,,,,D:\$MFT
170,1,True,167,1,.\RandomFiles - Copy\Windows_ADK_10.1.26100.2454_Update_KB5079391,OA3Tool-x86_en-us.msp:Zone.Identifier,.Identifier,26,1,,False,False,True,False,True,True,Archive|NotContentIndexed,Posix,2026-04-08 12:19:50.5573984,,2026-03-24 20:29:17.0000000,2026-04-08 12:19:50.5573984,2026-04-01 20:03:39.5025000,2026-04-08 12:19:50.5573984,2026-04-08 12:19:50.8749980,2026-04-08 12:19:50.5573984,0,655340432,279,,,"[ZoneTransfer]
ZoneId=3
",D:\$MFT
171,1,True,167,1,.\RandomFiles - Copy\Windows_ADK_10.1.26100.2454_Update_KB5079391,OACheck-x86_en-us.msp,.msp,1462272,1,,False,True,False,False,True,True,Archive|NotContentIndexed,Posix,2026-04-08 12:19:50.8789047,,2026-03-24 20:29:17.0000000,2026-04-08 12:19:50.8789047,2026-04-01 20:03:39.5146110,2026-04-08 12:19:50.8789047,2026-04-08 12:19:51.0741529,2026-04-08 12:19:50.8789047,0,655340636,279,,,,D:\$MFT
171,1,True,167,1,.\RandomFiles - Copy\Windows_ADK_10.1.26100.2454_Update_KB5079391,OACheck-x86_en-us.msp:Zone.Identifier,.Identifier,26,1,,False,False,True,False,True,True,Archive|NotContentIndexed,Posix,2026-04-08 12:19:50.8789047,,2026-03-24 20:29:17.0000000,2026-04-08 12:19:50.8789047,2026-04-01 20:03:39.5146110,2026-04-08 12:19:50.8789047,2026-04-08 12:19:51.0741529,2026-04-08 12:19:50.8789047,0,655340636,279,,,"[ZoneTransfer]
ZoneId=3
",D:\$MFT
172,1,True,167,1,.\RandomFiles - Copy\Windows_ADK_10.1.26100.2454_Update_KB5079391,OATool-x86_en-us.msp,.msp,258048,1,,False,True,False,False,True,True,Archive|NotContentIndexed,Posix,2026-04-08 12:19:51.2005110,,2026-03-24 20:29:17.0000000,2026-04-08 12:19:51.2005110,2026-04-01 20:03:39.5193261,2026-04-08 12:19:51.2005110,2026-04-08 12:19:51.6809961,2026-04-08 12:19:51.2005110,0,655341150,279,,,,D:\$MFT
172,1,True,167,1,.\RandomFiles - Copy\Windows_ADK_10.1.26100.2454_Update_KB5079391,OATool-x86_en-us.msp:Zone.Identifier,.Identifier,26,1,,False,False,True,False,True,True,Archive|NotContentIndexed,Posix,2026-04-08 12:19:51.2005110,,2026-03-24 20:29:17.0000000,2026-04-08 12:19:51.2005110,2026-04-01 20:03:39.5193261,2026-04-08 12:19:51.2005110,2026-04-08 12:19:51.6809961,2026-04-08 12:19:51.2005110,0,655341150,279,,,"[ZoneTransfer]
ZoneId=3
",D:\$MFT
173,1,True,167,1,.\RandomFiles - Copy\Windows_ADK_10.1.26100.2454_Update_KB5079391,Volume Activation Management Tool-x86_en-us.msp,.msp,864256,1,,False,True,False,False,True,True,Archive|NotContentIndexed,Posix,2026-04-08 12:19:51.6848965,,2026-03-24 20:29:17.0000000,2026-04-08 12:19:51.6848965,2026-04-01 20:03:39.5285044,2026-04-08 12:19:51.6848965,2026-04-08 12:19:51.8358208,2026-04-08 12:19:51.6848965,0,655341262,279,,,,D:\$MFT
173,1,True,167,1,.\RandomFiles - Copy\Windows_ADK_10.1.26100.2454_Update_KB5079391,Volume Activation Management Tool-x86_en-us.msp:Zone.Identifier,.Identifier,26,1,,False,False,True,False,True,True,Archive|NotContentIndexed,Posix,2026-04-08 12:19:51.6848965,,2026-03-24 20:29:17.0000000,2026-04-08 12:19:51.6848965,2026-04-01 20:03:39.5285044,2026-04-08 12:19:51.6848965,2026-04-08 12:19:51.8358208,2026-04-08 12:19:51.6848965,0,655341262,279,,,"[ZoneTransfer]
ZoneId=3
",D:\$MFT
174,1,True,167,1,.\RandomFiles - Copy\Windows_ADK_10.1.26100.2454_Update_KB5079391,Windows System Image Manager-x86_en-us.msp,.msp,33853440,1,,False,True,False,False,True,True,Archive|NotContentIndexed,Posix,2026-04-08 12:19:51.8397204,,2026-03-24 20:29:20.0000000,2026-04-08 12:19:51.8397204,2026-04-01 20:03:39.8688643,2026-04-08 12:19:51.8397204,2026-04-08 12:19:52.6862232,2026-04-08 12:19:51.8397204,0,655349379,279,,,,D:\$MFT
174,1,True,167,1,.\RandomFiles - Copy\Windows_ADK_10.1.26100.2454_Update_KB5079391,Windows System Image Manager-x86_en-us.msp:Zone.Identifier,.Identifier,26,1,,False,False,True,False,True,True,Archive|NotContentIndexed,Posix,2026-04-08 12:19:51.8397204,,2026-03-24 20:29:20.0000000,2026-04-08 12:19:51.8397204,2026-04-01 20:03:39.8688643,2026-04-08 12:19:51.8397204,2026-04-08 12:19:52.6862232,2026-04-08 12:19:51.8397204,0,655349379,279,,,"[ZoneTransfer]
ZoneId=3
",D:\$MFT
175,1,True,66,1,.\$RECYCLE.BIN\S-1-5-21-3413159508-1609183581-846010861-1001,$I8JQMV4.pptx,.pptx,146,1,,False,False,False,False,False,False,Archive,Posix,2026-04-08 12:20:05.7671195,,2026-04-08 12:20:05.7671195,,2026-04-08 12:20:05.7671195,,2026-04-13 11:31:26.3382416,2026-04-08 12:20:05.7671195,0,687895356,271,,,,D:\$MFT
176,1,True,66,1,.\$RECYCLE.BIN\S-1-5-21-3413159508-1609183581-846010861-1001,$IF79SPY.docx,.docx,118,1,,False,False,False,False,False,False,Archive,Posix,2026-04-08 12:20:05.7906309,,2026-04-08 12:20:05.7909196,2026-04-08 12:20:05.7906309,2026-04-08 12:20:05.7909196,2026-04-08 12:20:05.7906309,2026-04-13 11:31:26.3914817,2026-04-08 12:20:05.7906309,0,687895659,271,,,,D:\$MFT
177,1,True,66,1,.\$RECYCLE.BIN\S-1-5-21-3413159508-1609183581-846010861-1001,$IDUJFEV.pdf,.pdf,426,1,,False,False,False,False,False,False,Archive,Posix,2026-04-08 12:20:05.7935648,,2026-04-08 12:20:05.7935648,,2026-04-08 12:20:05.7935648,,2026-04-13 11:31:26.3839644,2026-04-08 12:20:05.7935648,0,687895600,271,,,,D:\$MFT
178,1,True,66,1,.\$RECYCLE.BIN\S-1-5-21-3413159508-1609183581-846010861-1001,$IQTLCO7.vbox-extpack,.vbox-extpack,176,1,,False,False,False,False,False,False,Archive,Posix,2026-04-08 12:20:05.7965350,,2026-04-08 12:20:05.7965350,,2026-04-08 12:20:05.7965350,,2026-04-13 11:31:26.4345285,2026-04-08 12:20:05.7965350,0,687895836,271,,,,D:\$MFT
179,7,True,50,4,.\VirtualBox\Windows,Windows.vbox-prev,.vbox-prev,34842,1,,False,False,False,False,False,False,Archive,Posix,2026-04-09 12:32:25.5500259,,2026-04-09 12:32:25.5500259,,2026-04-09 12:38:04.1124314,2026-04-09 12:32:25.6067697,2026-04-09 12:32:25.5500259,,37144,662583673,282,,,,D:\$MFT
180,1,True,66,1,.\$RECYCLE.BIN\S-1-5-21-3413159508-1609183581-846010861-1001,$I2B5GV0.pdf,.pdf,114,1,,False,False,False,False,False,False,Archive,Posix,2026-04-08 13:56:50.7441214,,2026-04-08 13:56:50.7441214,,2026-04-08 13:56:50.7441214,,2026-04-13 11:31:26.0328104,2026-04-08 13:56:50.7441214,2488,687895297,271,,,,D:\$MFT
181,1,True,66,1,.\$RECYCLE.BIN\S-1-5-21-3413159508-1609183581-846010861-1001,$IWF6GYC.exe,.exe,134,1,,False,False,False,False,False,False,Archive,Posix,2026-04-08 13:56:50.7441214,,2026-04-08 13:56:50.7441214,,2026-04-08 13:56:50.7441214,,2026-04-13 11:31:26.4457376,2026-04-08 13:56:50.7441214,3208,687895895,271,,,,D:\$MFT
182,1,True,66,1,.\$RECYCLE.BIN\S-1-5-21-3413159508-1609183581-846010861-1001,$I1NZHFE.docx,.docx,178,1,,False,False,False,False,False,False,Archive,Posix,2026-04-08 13:56:50.7594353,,2026-04-08 13:56:50.7594353,,2026-04-08 13:56:50.7594353,,2026-04-13 11:31:26.0244844,2026-04-08 13:56:50.7594353,3944,687895120,271,,,,D:\$MFT
183,2,True,66,1,.\$RECYCLE.BIN\S-1-5-21-3413159508-1609183581-846010861-1001,$R8M3V6F.txt,.txt,10,1,,False,False,False,False,False,False,Archive,Posix,2026-04-08 14:37:55.2356821,,2026-04-08 14:37:55.2364536,,2026-04-08 14:38:09.1927234,2026-04-08 14:37:55.2495361,2026-04-08 14:37:55.2364536,,5936,656798440,281,eddf19bf-3337-11f1-a5bf-e86f3838a0ef,,,D:\$MFT
184,1,True,66,1,.\$RECYCLE.BIN\S-1-5-21-3413159508-1609183581-846010861-1001,$I8M3V6F.txt,.txt,64,1,,False,False,False,False,False,False,Archive,Posix,2026-04-08 14:38:09.1896881,,2026-04-08 14:38:09.1896881,,2026-04-08 14:38:09.1896881,,2026-04-13 11:31:26.3505902,2026-04-08 14:38:09.1896881,5496,687895415,271,,,,D:\$MFT
185,2,True,5,5,.,ShiftDelete,,0,1,,True,False,False,False,False,False,None,Posix,2026-04-08 18:14:42.8954591,,2026-04-08 18:14:42.8954591,,2026-04-08 18:14:47.1000414,2026-04-08 18:14:42.8954591,2026-04-13 12:28:20.9395702,2026-04-08 18:14:42.8954591,7272,687900447,273,eddf23b6-3337-11f1-a5bf-e86f3838a0ef,,,D:\$MFT
186,1,True,5,5,.,RecycleBinDelete,,0,1,,True,False,False,False,False,False,None,Posix,2026-04-08 18:14:52.0844586,,2026-04-08 18:14:52.0844586,,2026-04-08 18:15:02.0382695,2026-04-08 18:14:52.0844586,2026-04-13 12:28:23.2375298,2026-04-08 18:14:52.0844586,7912,687899493,273,eddf23b7-3337-11f1-a5bf-e86f3838a0ef,,,D:\$MFT
187,1,True,5,5,.,Cipher,,0,1,,True,False,False,False,False,False,None,Posix,2026-04-08 18:15:08.5269682,,2026-04-08 18:15:08.5269682,,2026-04-08 18:15:11.4861677,2026-04-08 18:15:08.5269682,2026-04-08 18:15:08.5269682,,8496,656814719,273,eddf23b8-3337-11f1-a5bf-e86f3838a0ef,,,D:\$MFT
188,5,True,50,4,.\VirtualBox\Windows,Windows.vbox,.vbox,34842,1,,False,False,False,False,False,False,Archive,Posix,2026-04-09 12:38:03.9887586,,2026-04-09 12:38:03.9887586,,2026-04-09 12:38:04.1136495,2026-04-09 12:38:03.9887586,2026-04-09 12:38:03.9887586,,37424,662584114,282,,,,D:\$MFT
189,2,False,44,17,.\Downloads,cf9efd1c-245c-4fde-a3f7-95bbb011d017.tmp,.tmp,9945040,1,,False,False,False,False,False,False,Archive,Posix,2026-04-13 10:56:35.4534302,,2026-04-13 10:56:35.8049956,2026-04-13 10:56:35.4534302,2026-04-13 10:56:35.8049956,2026-04-13 10:56:35.4534302,2026-04-13 10:56:35.8049956,2026-04-13 10:56:35.4534302,41544,687894476,278,,,,D:\$MFT
